"1, 2000, 1"
"2, 1999, 2"
"3, 1998, 3"
"4, 1997, 4"
"5, 1996, 5"
"6, 1995, 6"
"7, 1994, 7"
"8, 1993, 8"
"9, 1992, 9"
"10, 1991, 10"
"11, 1990, 11"
"12, 1989, 12"
"13, 1988, 13"
"14, 1987, 14"
"15, 1986, 15"
"16, 1985, 16"
"17, 1984, 17"
"18, 1983, 18"
"19, 1982, 19"
"20, 1981, 20"
"21, 1980, 21"
"22, 1979, 22"
"23, 1978, 23"
"24, 1977, 24"
"25, 1976, 25"
"26, 1975, 26"
"27, 1974, 27"
"28, 1973, 28"
"29, 1972, 29"
"30, 1971, 30"
"31, 1970, 31"
"32, 1969, 32"
"33, 1968, 33"
"34, 1967, 34"
"35, 1966, 35"
"36, 1965, 36"
"37, 1964, 37"
"38, 1963, 38"
"39, 1962, 39"
"40, 1961, 40"
"41, 1960, 41"
"42, 1959, 42"
"43, 1958, 43"
"44, 1957, 44"
"45, 1956, 45"
"46, 1955, 46"
"47, 1954, 47"
"48, 1953, 48"
"49, 1952, 49"
"50, 1951, 50"
"51, 1950, 51"
"52, 1949, 52"
"53, 1948, 53"
"54, 1947, 54"
"55, 1946, 55"
"56, 1945, 56"
"57, 1944, 57"
"58, 1943, 58"
"59, 1942, 59"
"60, 1941, 60"
"61, 1940, 61"
"62, 1939, 62"
"63, 1938, 63"
"64, 1937, 64"
"65, 1936, 65"
"66, 1935, 66"
"67, 1934, 67"
"68, 1933, 68"
"69, 1932, 69"
"70, 1931, 70"
"71, 1930, 71"
"72, 1929, 72"
"73, 1928, 73"
"74, 1927, 74"
"75, 1926, 75"
"76, 1925, 76"
"77, 1924, 77"
"78, 1923, 78"
"79, 1922, 79"
"80, 1921, 80"
"81, 1920, 81"
"82, 1919, 82"
"83, 1918, 83"
"84, 1917, 84"
"85, 1916, 85"
"86, 1915, 86"
"87, 1914, 87"
"88, 1913, 88"
"89, 1912, 89"
"90, 1911, 90"
"91, 1910, 91"
"92, 1909, 92"
"93, 1908, 93"
"94, 1907, 94"
"95, 1906, 95"
"96, 1905, 96"
"97, 1904, 97"
"98, 1903, 98"
"99, 1902, 99"
"100, 1901, 100"
"101, 1900, 80"
"102, 1899, 97"
"103, 1898, 3"
"104, 1897, 95"
"105, 1896, 65"
"106, 1895, 5"
"107, 1894, 95"
"108, 1893, 26"
"109, 1892, 22"
"110, 1891, 97"
"111, 1890, 3"
"112, 1889, 82"
"113, 1888, 92"
"114, 1887, 23"
"115, 1886, 62"
"116, 1885, 79"
"117, 1884, 38"
"118, 1883, 98"
"119, 1882, 74"
"120, 1881, 24"
"121, 1880, 15"
"122, 1879, 58"
"123, 1878, 90"
"124, 1877, 55"
"125, 1876, 1"
"126, 1875, 68"
"127, 1874, 81"
"128, 1873, 19"
"129, 1872, 80"
"130, 1871, 13"
"131, 1870, 34"
"132, 1869, 49"
"133, 1868, 51"
"134, 1867, 92"
"135, 1866, 38"
"136, 1865, 17"
"137, 1864, 17"
"138, 1863, 26"
"139, 1862, 67"
"140, 1861, 58"
"141, 1860, 29"
"142, 1859, 39"
"143, 1858, 40"
"144, 1857, 97"
"145, 1856, 69"
"146, 1855, 87"
"147, 1854, 76"
"148, 1853, 42"
"149, 1852, 27"
"150, 1851, 36"
"151, 1850, 71"
"152, 1849, 94"
"153, 1848, 3"
"154, 1847, 92"
"155, 1846, 48"
"156, 1845, 40"
"157, 1844, 9"
"158, 1843, 69"
"159, 1842, 24"
"160, 1841, 37"
"161, 1840, 81"
"162, 1839, 11"
"163, 1838, 56"
"164, 1837, 50"
"165, 1836, 21"
"166, 1835, 64"
"167, 1834, 78"
"168, 1833, 46"
"169, 1832, 3"
"170, 1831, 34"
"171, 1830, 44"
"172, 1829, 17"
"173, 1828, 62"
"174, 1827, 37"
"175, 1826, 99"
"176, 1825, 94"
"177, 1824, 11"
"178, 1823, 95"
"179, 1822, 98"
"180, 1821, 15"
"181, 1820, 75"
"182, 1819, 29"
"183, 1818, 71"
"184, 1817, 6"
"185, 1816, 61"
"186, 1815, 78"
"187, 1814, 7"
"188, 1813, 57"
"189, 1812, 85"
"190, 1811, 83"
"191, 1810, 87"
"192, 1809, 6"
"193, 1808, 29"
"194, 1807, 19"
"195, 1806, 75"
"196, 1805, 3"
"197, 1804, 92"
"198, 1803, 83"
"199, 1802, 65"
"200, 1801, 21"
"201, 1800, 14"
"202, 1799, 52"
"203, 1798, 71"
"204, 1797, 25"
"205, 1796, 31"
"206, 1795, 37"
"207, 1794, 18"
"208, 1793, 44"
"209, 1792, 59"
"210, 1791, 21"
"211, 1790, 61"
"212, 1789, 45"
"213, 1788, 74"
"214, 1787, 73"
"215, 1786, 31"
"216, 1785, 16"
"217, 1784, 59"
"218, 1783, 35"
"219, 1782, 52"
"220, 1781, 23"
"221, 1780, 28"
"222, 1779, 55"
"223, 1778, 92"
"224, 1777, 65"
"225, 1776, 62"
"226, 1775, 64"
"227, 1774, 90"
"228, 1773, 48"
"229, 1772, 54"
"230, 1771, 77"
"231, 1770, 37"
"232, 1769, 34"
"233, 1768, 52"
"234, 1767, 17"
"235, 1766, 98"
"236, 1765, 35"
"237, 1764, 39"
"238, 1763, 76"
"239, 1762, 25"
"240, 1761, 86"
"241, 1760, 99"
"242, 1759, 55"
"243, 1758, 40"
"244, 1757, 88"
"245, 1756, 50"
"246, 1755, 48"
"247, 1754, 1"
"248, 1753, 20"
"249, 1752, 93"
"250, 1751, 1"
"251, 1750, 39"
"252, 1749, 52"
"253, 1748, 69"
"254, 1747, 56"
"255, 1746, 74"
"256, 1745, 91"
"257, 1744, 74"
"258, 1743, 93"
"259, 1742, 44"
"260, 1741, 48"
"261, 1740, 82"
"262, 1739, 2"
"263, 1738, 17"
"264, 1737, 36"
"265, 1736, 14"
"266, 1735, 39"
"267, 1734, 64"
"268, 1733, 63"
"269, 1732, 12"
"270, 1731, 66"
"271, 1730, 78"
"272, 1729, 59"
"273, 1728, 53"
"274, 1727, 70"
"275, 1726, 98"
"276, 1725, 65"
"277, 1724, 48"
"278, 1723, 24"
"279, 1722, 56"
"280, 1721, 9"
"281, 1720, 36"
"282, 1719, 12"
"283, 1718, 75"
"284, 1717, 54"
"285, 1716, 57"
"286, 1715, 21"
"287, 1714, 25"
"288, 1713, 27"
"289, 1712, 19"
"290, 1711, 59"
"291, 1710, 23"
"292, 1709, 40"
"293, 1708, 37"
"294, 1707, 15"
"295, 1706, 20"
"296, 1705, 56"
"297, 1704, 18"
"298, 1703, 2"
"299, 1702, 99"
"300, 1701, 47"
"301, 1700, 43"
"302, 1699, 21"
"303, 1698, 22"
"304, 1697, 15"
"305, 1696, 32"
"306, 1695, 41"
"307, 1694, 67"
"308, 1693, 28"
"309, 1692, 52"
"310, 1691, 51"
"311, 1690, 19"
"312, 1689, 11"
"313, 1688, 58"
"314, 1687, 30"
"315, 1686, 45"
"316, 1685, 24"
"317, 1684, 78"
"318, 1683, 82"
"319, 1682, 28"
"320, 1681, 93"
"321, 1680, 40"
"322, 1679, 97"
"323, 1678, 23"
"324, 1677, 17"
"325, 1676, 26"
"326, 1675, 92"
"327, 1674, 93"
"328, 1673, 91"
"329, 1672, 57"
"330, 1671, 84"
"331, 1670, 14"
"332, 1669, 99"
"333, 1668, 15"
"334, 1667, 30"
"335, 1666, 14"
"336, 1665, 8"
"337, 1664, 58"
"338, 1663, 9"
"339, 1662, 20"
"340, 1661, 12"
"341, 1660, 13"
"342, 1659, 5"
"343, 1658, 36"
"344, 1657, 36"
"345, 1656, 36"
"346, 1655, 84"
"347, 1654, 74"
"348, 1653, 55"
"349, 1652, 12"
"350, 1651, 16"
"351, 1650, 95"
"352, 1649, 73"
"353, 1648, 5"
"354, 1647, 11"
"355, 1646, 79"
"356, 1645, 68"
"357, 1644, 26"
"358, 1643, 37"
"359, 1642, 92"
"360, 1641, 39"
"361, 1640, 84"
"362, 1639, 20"
"363, 1638, 67"
"364, 1637, 10"
"365, 1636, 38"
"366, 1635, 77"
"367, 1634, 12"
"368, 1633, 54"
"369, 1632, 50"
"370, 1631, 18"
"371, 1630, 85"
"372, 1629, 60"
"373, 1628, 10"
"374, 1627, 1"
"375, 1626, 66"
"376, 1625, 24"
"377, 1624, 52"
"378, 1623, 76"
"379, 1622, 56"
"380, 1621, 57"
"381, 1620, 71"
"382, 1619, 57"
"383, 1618, 12"
"384, 1617, 94"
"385, 1616, 51"
"386, 1615, 80"
"387, 1614, 70"
"388, 1613, 41"
"389, 1612, 5"
"390, 1611, 29"
"391, 1610, 65"
"392, 1609, 81"
"393, 1608, 48"
"394, 1607, 76"
"395, 1606, 39"
"396, 1605, 12"
"397, 1604, 71"
"398, 1603, 6"
"399, 1602, 99"
"400, 1601, 75"
"401, 1600, 42"
"402, 1599, 5"
"403, 1598, 58"
"404, 1597, 64"
"405, 1596, 29"
"406, 1595, 99"
"407, 1594, 16"
"408, 1593, 97"
"409, 1592, 71"
"410, 1591, 80"
"411, 1590, 79"
"412, 1589, 8"
"413, 1588, 40"
"414, 1587, 24"
"415, 1586, 87"
"416, 1585, 35"
"417, 1584, 36"
"418, 1583, 58"
"419, 1582, 74"
"420, 1581, 50"
"421, 1580, 90"
"422, 1579, 83"
"423, 1578, 90"
"424, 1577, 28"
"425, 1576, 41"
"426, 1575, 88"
"427, 1574, 89"
"428, 1573, 13"
"429, 1572, 55"
"430, 1571, 17"
"431, 1570, 73"
"432, 1569, 10"
"433, 1568, 2"
"434, 1567, 35"
"435, 1566, 40"
"436, 1565, 58"
"437, 1564, 70"
"438, 1563, 45"
"439, 1562, 77"
"440, 1561, 12"
"441, 1560, 13"
"442, 1559, 5"
"443, 1558, 38"
"444, 1557, 79"
"445, 1556, 7"
"446, 1555, 42"
"447, 1554, 2"
"448, 1553, 74"
"449, 1552, 8"
"450, 1551, 76"
"451, 1550, 5"
"452, 1549, 18"
"453, 1548, 24"
"454, 1547, 41"
"455, 1546, 30"
"456, 1545, 98"
"457, 1544, 6"
"458, 1543, 9"
"459, 1542, 9"
"460, 1541, 91"
"461, 1540, 27"
"462, 1539, 34"
"463, 1538, 89"
"464, 1537, 5"
"465, 1536, 68"
"466, 1535, 14"
"467, 1534, 86"
"468, 1533, 32"
"469, 1532, 70"
"470, 1531, 12"
"471, 1530, 30"
"472, 1529, 92"
"473, 1528, 92"
"474, 1527, 55"
"475, 1526, 60"
"476, 1525, 31"
"477, 1524, 11"
"478, 1523, 55"
"479, 1522, 63"
"480, 1521, 58"
"481, 1520, 77"
"482, 1519, 72"
"483, 1518, 8"
"484, 1517, 60"
"485, 1516, 83"
"486, 1515, 54"
"487, 1514, 8"
"488, 1513, 58"
"489, 1512, 64"
"490, 1511, 83"
"491, 1510, 55"
"492, 1509, 53"
"493, 1508, 46"
"494, 1507, 90"
"495, 1506, 56"
"496, 1505, 82"
"497, 1504, 85"
"498, 1503, 43"
"499, 1502, 80"
"500, 1501, 19"
"501, 1500, 41"
"502, 1499, 88"
"503, 1498, 32"
"504, 1497, 6"
"505, 1496, 65"
"506, 1495, 79"
"507, 1494, 78"
"508, 1493, 57"
"509, 1492, 52"
"510, 1491, 19"
"511, 1490, 67"
"512, 1489, 79"
"513, 1488, 7"
"514, 1487, 13"
"515, 1486, 25"
"516, 1485, 6"
"517, 1484, 89"
"518, 1483, 14"
"519, 1482, 35"
"520, 1481, 15"
"521, 1480, 76"
"522, 1479, 83"
"523, 1478, 98"
"524, 1477, 50"
"525, 1476, 12"
"526, 1475, 70"
"527, 1474, 77"
"528, 1473, 81"
"529, 1472, 77"
"530, 1471, 32"
"531, 1470, 8"
"532, 1469, 69"
"533, 1468, 60"
"534, 1467, 54"
"535, 1466, 83"
"536, 1465, 95"
"537, 1464, 45"
"538, 1463, 78"
"539, 1462, 54"
"540, 1461, 1"
"541, 1460, 45"
"542, 1459, 15"
"543, 1458, 60"
"544, 1457, 14"
"545, 1456, 3"
"546, 1455, 18"
"547, 1454, 24"
"548, 1453, 53"
"549, 1452, 61"
"550, 1451, 95"
"551, 1450, 43"
"552, 1449, 50"
"553, 1448, 53"
"554, 1447, 44"
"555, 1446, 39"
"556, 1445, 71"
"557, 1444, 76"
"558, 1443, 94"
"559, 1442, 64"
"560, 1441, 76"
"561, 1440, 78"
"562, 1439, 75"
"563, 1438, 69"
"564, 1437, 18"
"565, 1436, 49"
"566, 1435, 14"
"567, 1434, 67"
"568, 1433, 40"
"569, 1432, 12"
"570, 1431, 17"
"571, 1430, 31"
"572, 1429, 41"
"573, 1428, 31"
"574, 1427, 39"
"575, 1426, 10"
"576, 1425, 42"
"577, 1424, 23"
"578, 1423, 14"
"579, 1422, 94"
"580, 1421, 73"
"581, 1420, 64"
"582, 1419, 7"
"583, 1418, 52"
"584, 1417, 14"
"585, 1416, 84"
"586, 1415, 48"
"587, 1414, 17"
"588, 1413, 82"
"589, 1412, 63"
"590, 1411, 59"
"591, 1410, 84"
"592, 1409, 68"
"593, 1408, 39"
"594, 1407, 79"
"595, 1406, 92"
"596, 1405, 37"
"597, 1404, 93"
"598, 1403, 3"
"599, 1402, 79"
"600, 1401, 6"
"601, 1400, 3"
"602, 1399, 97"
"603, 1398, 34"
"604, 1397, 21"
"605, 1396, 9"
"606, 1395, 94"
"607, 1394, 67"
"608, 1393, 41"
"609, 1392, 94"
"610, 1391, 59"
"611, 1390, 13"
"612, 1389, 40"
"613, 1388, 35"
"614, 1387, 76"
"615, 1386, 86"
"616, 1385, 63"
"617, 1384, 13"
"618, 1383, 42"
"619, 1382, 32"
"620, 1381, 40"
"621, 1380, 73"
"622, 1379, 92"
"623, 1378, 75"
"624, 1377, 59"
"625, 1376, 83"
"626, 1375, 53"
"627, 1374, 63"
"628, 1373, 83"
"629, 1372, 84"
"630, 1371, 62"
"631, 1370, 24"
"632, 1369, 4"
"633, 1368, 85"
"634, 1367, 43"
"635, 1366, 18"
"636, 1365, 65"
"637, 1364, 53"
"638, 1363, 72"
"639, 1362, 55"
"640, 1361, 59"
"641, 1360, 35"
"642, 1359, 17"
"643, 1358, 69"
"644, 1357, 5"
"645, 1356, 52"
"646, 1355, 48"
"647, 1354, 87"
"648, 1353, 60"
"649, 1352, 42"
"650, 1351, 74"
"651, 1350, 38"
"652, 1349, 67"
"653, 1348, 2"
"654, 1347, 91"
"655, 1346, 16"
"656, 1345, 91"
"657, 1344, 28"
"658, 1343, 48"
"659, 1342, 76"
"660, 1341, 22"
"661, 1340, 74"
"662, 1339, 85"
"663, 1338, 2"
"664, 1337, 40"
"665, 1336, 28"
"666, 1335, 27"
"667, 1334, 35"
"668, 1333, 37"
"669, 1332, 43"
"670, 1331, 35"
"671, 1330, 34"
"672, 1329, 50"
"673, 1328, 94"
"674, 1327, 7"
"675, 1326, 60"
"676, 1325, 15"
"677, 1324, 10"
"678, 1323, 91"
"679, 1322, 75"
"680, 1321, 9"
"681, 1320, 79"
"682, 1319, 85"
"683, 1318, 30"
"684, 1317, 86"
"685, 1316, 29"
"686, 1315, 71"
"687, 1314, 24"
"688, 1313, 76"
"689, 1312, 56"
"690, 1311, 65"
"691, 1310, 9"
"692, 1309, 49"
"693, 1308, 71"
"694, 1307, 41"
"695, 1306, 60"
"696, 1305, 73"
"697, 1304, 37"
"698, 1303, 23"
"699, 1302, 73"
"700, 1301, 86"
"701, 1300, 62"
"702, 1299, 80"
"703, 1298, 88"
"704, 1297, 15"
"705, 1296, 95"
"706, 1295, 66"
"707, 1294, 63"
"708, 1293, 53"
"709, 1292, 40"
"710, 1291, 60"
"711, 1290, 46"
"712, 1289, 48"
"713, 1288, 12"
"714, 1287, 2"
"715, 1286, 29"
"716, 1285, 27"
"717, 1284, 47"
"718, 1283, 83"
"719, 1282, 54"
"720, 1281, 80"
"721, 1280, 68"
"722, 1279, 99"
"723, 1278, 91"
"724, 1277, 95"
"725, 1276, 35"
"726, 1275, 40"
"727, 1274, 45"
"728, 1273, 72"
"729, 1272, 96"
"730, 1271, 6"
"731, 1270, 16"
"732, 1269, 19"
"733, 1268, 42"
"734, 1267, 19"
"735, 1266, 23"
"736, 1265, 70"
"737, 1264, 2"
"738, 1263, 36"
"739, 1262, 50"
"740, 1261, 36"
"741, 1260, 31"
"742, 1259, 24"
"743, 1258, 76"
"744, 1257, 96"
"745, 1256, 15"
"746, 1255, 92"
"747, 1254, 59"
"748, 1253, 82"
"749, 1252, 43"
"750, 1251, 60"
"751, 1250, 11"
"752, 1249, 9"
"753, 1248, 67"
"754, 1247, 74"
"755, 1246, 22"
"756, 1245, 29"
"757, 1244, 10"
"758, 1243, 10"
"759, 1242, 6"
"760, 1241, 70"
"761, 1240, 81"
"762, 1239, 44"
"763, 1238, 40"
"764, 1237, 83"
"765, 1236, 47"
"766, 1235, 35"
"767, 1234, 37"
"768, 1233, 52"
"769, 1232, 66"
"770, 1231, 31"
"771, 1230, 93"
"772, 1229, 37"
"773, 1228, 90"
"774, 1227, 58"
"775, 1226, 68"
"776, 1225, 56"
"777, 1224, 6"
"778, 1223, 28"
"779, 1222, 7"
"780, 1221, 41"
"781, 1220, 3"
"782, 1219, 22"
"783, 1218, 23"
"784, 1217, 47"
"785, 1216, 26"
"786, 1215, 99"
"787, 1214, 63"
"788, 1213, 32"
"789, 1212, 76"
"790, 1211, 1"
"791, 1210, 98"
"792, 1209, 27"
"793, 1208, 65"
"794, 1207, 90"
"795, 1206, 84"
"796, 1205, 68"
"797, 1204, 9"
"798, 1203, 34"
"799, 1202, 33"
"800, 1201, 41"
"801, 1200, 27"
"802, 1199, 36"
"803, 1198, 20"
"804, 1197, 50"
"805, 1196, 13"
"806, 1195, 43"
"807, 1194, 30"
"808, 1193, 47"
"809, 1192, 23"
"810, 1191, 97"
"811, 1190, 76"
"812, 1189, 78"
"813, 1188, 17"
"814, 1187, 6"
"815, 1186, 88"
"816, 1185, 87"
"817, 1184, 5"
"818, 1183, 3"
"819, 1182, 94"
"820, 1181, 73"
"821, 1180, 33"
"822, 1179, 92"
"823, 1178, 63"
"824, 1177, 84"
"825, 1176, 99"
"826, 1175, 28"
"827, 1174, 20"
"828, 1173, 7"
"829, 1172, 10"
"830, 1171, 9"
"831, 1170, 9"
"832, 1169, 5"
"833, 1168, 83"
"834, 1167, 97"
"835, 1166, 45"
"836, 1165, 97"
"837, 1164, 86"
"838, 1163, 71"
"839, 1162, 74"
"840, 1161, 4"
"841, 1160, 46"
"842, 1159, 40"
"843, 1158, 41"
"844, 1157, 3"
"845, 1156, 64"
"846, 1155, 60"
"847, 1154, 61"
"848, 1153, 30"
"849, 1152, 33"
"850, 1151, 20"
"851, 1150, 45"
"852, 1149, 69"
"853, 1148, 83"
"854, 1147, 52"
"855, 1146, 71"
"856, 1145, 26"
"857, 1144, 92"
"858, 1143, 17"
"859, 1142, 82"
"860, 1141, 2"
"861, 1140, 20"
"862, 1139, 71"
"863, 1138, 60"
"864, 1137, 74"
"865, 1136, 97"
"866, 1135, 22"
"867, 1134, 58"
"868, 1133, 65"
"869, 1132, 2"
"870, 1131, 86"
"871, 1130, 50"
"872, 1129, 35"
"873, 1128, 47"
"874, 1127, 15"
"875, 1126, 81"
"876, 1125, 79"
"877, 1124, 15"
"878, 1123, 72"
"879, 1122, 86"
"880, 1121, 53"
"881, 1120, 49"
"882, 1119, 36"
"883, 1118, 64"
"884, 1117, 40"
"885, 1116, 61"
"886, 1115, 59"
"887, 1114, 66"
"888, 1113, 37"
"889, 1112, 67"
"890, 1111, 15"
"891, 1110, 56"
"892, 1109, 65"
"893, 1108, 65"
"894, 1107, 2"
"895, 1106, 84"
"896, 1105, 53"
"897, 1104, 93"
"898, 1103, 92"
"899, 1102, 1"
"900, 1101, 93"
"901, 1100, 15"
"902, 1099, 34"
"903, 1098, 1"
"904, 1097, 12"
"905, 1096, 75"
"906, 1095, 6"
"907, 1094, 18"
"908, 1093, 15"
"909, 1092, 7"
"910, 1091, 44"
"911, 1090, 98"
"912, 1089, 75"
"913, 1088, 97"
"914, 1087, 83"
"915, 1086, 11"
"916, 1085, 33"
"917, 1084, 71"
"918, 1083, 21"
"919, 1082, 76"
"920, 1081, 72"
"921, 1080, 5"
"922, 1079, 87"
"923, 1078, 79"
"924, 1077, 60"
"925, 1076, 67"
"926, 1075, 81"
"927, 1074, 99"
"928, 1073, 36"
"929, 1072, 94"
"930, 1071, 83"
"931, 1070, 67"
"932, 1069, 84"
"933, 1068, 91"
"934, 1067, 46"
"935, 1066, 58"
"936, 1065, 12"
"937, 1064, 88"
"938, 1063, 51"
"939, 1062, 19"
"940, 1061, 87"
"941, 1060, 47"
"942, 1059, 18"
"943, 1058, 75"
"944, 1057, 68"
"945, 1056, 86"
"946, 1055, 4"
"947, 1054, 31"
"948, 1053, 53"
"949, 1052, 60"
"950, 1051, 35"
"951, 1050, 92"
"952, 1049, 3"
"953, 1048, 68"
"954, 1047, 87"
"955, 1046, 98"
"956, 1045, 74"
"957, 1044, 8"
"958, 1043, 15"
"959, 1042, 45"
"960, 1041, 67"
"961, 1040, 26"
"962, 1039, 76"
"963, 1038, 25"
"964, 1037, 62"
"965, 1036, 17"
"966, 1035, 18"
"967, 1034, 57"
"968, 1033, 36"
"969, 1032, 8"
"970, 1031, 12"
"971, 1030, 39"
"972, 1029, 65"
"973, 1028, 92"
"974, 1027, 25"
"975, 1026, 37"
"976, 1025, 72"
"977, 1024, 19"
"978, 1023, 52"
"979, 1022, 95"
"980, 1021, 81"
"981, 1020, 95"
"982, 1019, 32"
"983, 1018, 58"
"984, 1017, 97"
"985, 1016, 23"
"986, 1015, 30"
"987, 1014, 67"
"988, 1013, 85"
"989, 1012, 54"
"990, 1011, 69"
"991, 1010, 17"
"992, 1009, 13"
"993, 1008, 71"
"994, 1007, 98"
"995, 1006, 53"
"996, 1005, 74"
"997, 1004, 88"
"998, 1003, 43"
"999, 1002, 85"
"1000, 1001, 43"
"1001, 1000, 4"
"1002, 999, 67"
"1003, 998, 98"
"1004, 997, 73"
"1005, 996, 28"
"1006, 995, 8"
"1007, 994, 5"
"1008, 993, 73"
"1009, 992, 63"
"1010, 991, 85"
"1011, 990, 14"
"1012, 989, 72"
"1013, 988, 85"
"1014, 987, 85"
"1015, 986, 3"
"1016, 985, 71"
"1017, 984, 27"
"1018, 983, 43"
"1019, 982, 84"
"1020, 981, 58"
"1021, 980, 25"
"1022, 979, 79"
"1023, 978, 68"
"1024, 977, 69"
"1025, 976, 11"
"1026, 975, 56"
"1027, 974, 83"
"1028, 973, 15"
"1029, 972, 72"
"1030, 971, 20"
"1031, 970, 56"
"1032, 969, 58"
"1033, 968, 39"
"1034, 967, 48"
"1035, 966, 96"
"1036, 965, 26"
"1037, 964, 56"
"1038, 963, 74"
"1039, 962, 10"
"1040, 961, 48"
"1041, 960, 95"
"1042, 959, 73"
"1043, 958, 86"
"1044, 957, 40"
"1045, 956, 2"
"1046, 955, 94"
"1047, 954, 78"
"1048, 953, 58"
"1049, 952, 24"
"1050, 951, 95"
"1051, 950, 72"
"1052, 949, 39"
"1053, 948, 14"
"1054, 947, 65"
"1055, 946, 58"
"1056, 945, 95"
"1057, 944, 88"
"1058, 943, 86"
"1059, 942, 84"
"1060, 941, 99"
"1061, 940, 37"
"1062, 939, 30"
"1063, 938, 13"
"1064, 937, 25"
"1065, 936, 22"
"1066, 935, 94"
"1067, 934, 90"
"1068, 933, 24"
"1069, 932, 68"
"1070, 931, 84"
"1071, 930, 66"
"1072, 929, 6"
"1073, 928, 6"
"1074, 927, 94"
"1075, 926, 72"
"1076, 925, 45"
"1077, 924, 47"
"1078, 923, 29"
"1079, 922, 63"
"1080, 921, 69"
"1081, 920, 6"
"1082, 919, 22"
"1083, 918, 96"
"1084, 917, 84"
"1085, 916, 48"
"1086, 915, 39"
"1087, 914, 58"
"1088, 913, 61"
"1089, 912, 70"
"1090, 911, 90"
"1091, 910, 25"
"1092, 909, 84"
"1093, 908, 51"
"1094, 907, 90"
"1095, 906, 67"
"1096, 905, 3"
"1097, 904, 9"
"1098, 903, 49"
"1099, 902, 73"
"1100, 901, 13"
"1101, 900, 27"
"1102, 899, 3"
"1103, 898, 79"
"1104, 897, 88"
"1105, 896, 51"
"1106, 895, 73"
"1107, 894, 62"
"1108, 893, 54"
"1109, 892, 29"
"1110, 891, 54"
"1111, 890, 46"
"1112, 889, 66"
"1113, 888, 68"
"1114, 887, 7"
"1115, 886, 29"
"1116, 885, 75"
"1117, 884, 5"
"1118, 883, 7"
"1119, 882, 9"
"1120, 881, 37"
"1121, 880, 29"
"1122, 879, 15"
"1123, 878, 96"
"1124, 877, 97"
"1125, 876, 73"
"1126, 875, 56"
"1127, 874, 57"
"1128, 873, 29"
"1129, 872, 36"
"1130, 871, 91"
"1131, 870, 49"
"1132, 869, 10"
"1133, 868, 27"
"1134, 867, 73"
"1135, 866, 26"
"1136, 865, 55"
"1137, 864, 82"
"1138, 863, 83"
"1139, 862, 74"
"1140, 861, 96"
"1141, 860, 55"
"1142, 859, 16"
"1143, 858, 92"
"1144, 857, 25"
"1145, 856, 54"
"1146, 855, 78"
"1147, 854, 52"
"1148, 853, 72"
"1149, 852, 70"
"1150, 851, 68"
"1151, 850, 38"
"1152, 849, 95"
"1153, 848, 33"
"1154, 847, 99"
"1155, 846, 9"
"1156, 845, 41"
"1157, 844, 89"
"1158, 843, 26"
"1159, 842, 43"
"1160, 841, 21"
"1161, 840, 94"
"1162, 839, 85"
"1163, 838, 93"
"1164, 837, 88"
"1165, 836, 87"
"1166, 835, 71"
"1167, 834, 81"
"1168, 833, 39"
"1169, 832, 27"
"1170, 831, 4"
"1171, 830, 75"
"1172, 829, 9"
"1173, 828, 68"
"1174, 827, 94"
"1175, 826, 91"
"1176, 825, 97"
"1177, 824, 67"
"1178, 823, 59"
"1179, 822, 97"
"1180, 821, 58"
"1181, 820, 46"
"1182, 819, 8"
"1183, 818, 13"
"1184, 817, 48"
"1185, 816, 40"
"1186, 815, 59"
"1187, 814, 43"
"1188, 813, 4"
"1189, 812, 51"
"1190, 811, 72"
"1191, 810, 25"
"1192, 809, 22"
"1193, 808, 33"
"1194, 807, 68"
"1195, 806, 4"
"1196, 805, 29"
"1197, 804, 5"
"1198, 803, 55"
"1199, 802, 93"
"1200, 801, 76"
"1201, 800, 22"
"1202, 799, 27"
"1203, 798, 1"
"1204, 797, 60"
"1205, 796, 85"
"1206, 795, 42"
"1207, 794, 69"
"1208, 793, 87"
"1209, 792, 96"
"1210, 791, 14"
"1211, 790, 45"
"1212, 789, 22"
"1213, 788, 5"
"1214, 787, 70"
"1215, 786, 80"
"1216, 785, 2"
"1217, 784, 13"
"1218, 783, 57"
"1219, 782, 81"
"1220, 781, 31"
"1221, 780, 50"
"1222, 779, 96"
"1223, 778, 91"
"1224, 777, 22"
"1225, 776, 87"
"1226, 775, 85"
"1227, 774, 46"
"1228, 773, 30"
"1229, 772, 19"
"1230, 771, 9"
"1231, 770, 29"
"1232, 769, 29"
"1233, 768, 24"
"1234, 767, 35"
"1235, 766, 6"
"1236, 765, 82"
"1237, 764, 69"
"1238, 763, 73"
"1239, 762, 3"
"1240, 761, 18"
"1241, 760, 96"
"1242, 759, 72"
"1243, 758, 40"
"1244, 757, 32"
"1245, 756, 97"
"1246, 755, 54"
"1247, 754, 23"
"1248, 753, 47"
"1249, 752, 32"
"1250, 751, 99"
"1251, 750, 92"
"1252, 749, 24"
"1253, 748, 7"
"1254, 747, 91"
"1255, 746, 1"
"1256, 745, 4"
"1257, 744, 74"
"1258, 743, 32"
"1259, 742, 91"
"1260, 741, 84"
"1261, 740, 91"
"1262, 739, 87"
"1263, 738, 48"
"1264, 737, 52"
"1265, 736, 68"
"1266, 735, 24"
"1267, 734, 22"
"1268, 733, 71"
"1269, 732, 16"
"1270, 731, 33"
"1271, 730, 85"
"1272, 729, 96"
"1273, 728, 79"
"1274, 727, 42"
"1275, 726, 58"
"1276, 725, 31"
"1277, 724, 94"
"1278, 723, 81"
"1279, 722, 2"
"1280, 721, 61"
"1281, 720, 35"
"1282, 719, 22"
"1283, 718, 1"
"1284, 717, 82"
"1285, 716, 96"
"1286, 715, 36"
"1287, 714, 83"
"1288, 713, 54"
"1289, 712, 82"
"1290, 711, 43"
"1291, 710, 39"
"1292, 709, 28"
"1293, 708, 54"
"1294, 707, 37"
"1295, 706, 61"
"1296, 705, 72"
"1297, 704, 87"
"1298, 703, 93"
"1299, 702, 43"
"1300, 701, 80"
"1301, 700, 79"
"1302, 699, 33"
"1303, 698, 3"
"1304, 697, 88"
"1305, 696, 74"
"1306, 695, 89"
"1307, 694, 35"
"1308, 693, 45"
"1309, 692, 98"
"1310, 691, 64"
"1311, 690, 23"
"1312, 689, 53"
"1313, 688, 42"
"1314, 687, 91"
"1315, 686, 92"
"1316, 685, 74"
"1317, 684, 72"
"1318, 683, 98"
"1319, 682, 86"
"1320, 681, 23"
"1321, 680, 32"
"1322, 679, 13"
"1323, 678, 37"
"1324, 677, 26"
"1325, 676, 72"
"1326, 675, 52"
"1327, 674, 16"
"1328, 673, 5"
"1329, 672, 98"
"1330, 671, 81"
"1331, 670, 7"
"1332, 669, 11"
"1333, 668, 97"
"1334, 667, 55"
"1335, 666, 57"
"1336, 665, 90"
"1337, 664, 74"
"1338, 663, 23"
"1339, 662, 94"
"1340, 661, 14"
"1341, 660, 73"
"1342, 659, 67"
"1343, 658, 94"
"1344, 657, 22"
"1345, 656, 18"
"1346, 655, 16"
"1347, 654, 21"
"1348, 653, 60"
"1349, 652, 46"
"1350, 651, 71"
"1351, 650, 30"
"1352, 649, 30"
"1353, 648, 45"
"1354, 647, 43"
"1355, 646, 97"
"1356, 645, 53"
"1357, 644, 8"
"1358, 643, 65"
"1359, 642, 45"
"1360, 641, 83"
"1361, 640, 42"
"1362, 639, 67"
"1363, 638, 25"
"1364, 637, 79"
"1365, 636, 64"
"1366, 635, 31"
"1367, 634, 91"
"1368, 633, 98"
"1369, 632, 78"
"1370, 631, 29"
"1371, 630, 58"
"1372, 629, 18"
"1373, 628, 56"
"1374, 627, 78"
"1375, 626, 87"
"1376, 625, 44"
"1377, 624, 22"
"1378, 623, 59"
"1379, 622, 57"
"1380, 621, 43"
"1381, 620, 45"
"1382, 619, 11"
"1383, 618, 6"
"1384, 617, 31"
"1385, 616, 67"
"1386, 615, 26"
"1387, 614, 89"
"1388, 613, 18"
"1389, 612, 66"
"1390, 611, 93"
"1391, 610, 86"
"1392, 609, 46"
"1393, 608, 87"
"1394, 607, 26"
"1395, 606, 86"
"1396, 605, 85"
"1397, 604, 97"
"1398, 603, 89"
"1399, 602, 77"
"1400, 601, 85"
"1401, 600, 8"
"1402, 599, 29"
"1403, 598, 75"
"1404, 597, 25"
"1405, 596, 78"
"1406, 595, 45"
"1407, 594, 12"
"1408, 593, 87"
"1409, 592, 85"
"1410, 591, 59"
"1411, 590, 17"
"1412, 589, 61"
"1413, 588, 55"
"1414, 587, 10"
"1415, 586, 97"
"1416, 585, 15"
"1417, 584, 16"
"1418, 583, 54"
"1419, 582, 40"
"1420, 581, 55"
"1421, 580, 56"
"1422, 579, 32"
"1423, 578, 19"
"1424, 577, 87"
"1425, 576, 88"
"1426, 575, 41"
"1427, 574, 31"
"1428, 573, 53"
"1429, 572, 56"
"1430, 571, 58"
"1431, 570, 5"
"1432, 569, 67"
"1433, 568, 13"
"1434, 567, 82"
"1435, 566, 97"
"1436, 565, 63"
"1437, 564, 74"
"1438, 563, 31"
"1439, 562, 87"
"1440, 561, 47"
"1441, 560, 90"
"1442, 559, 60"
"1443, 558, 38"
"1444, 557, 25"
"1445, 556, 8"
"1446, 555, 84"
"1447, 554, 32"
"1448, 553, 80"
"1449, 552, 64"
"1450, 551, 72"
"1451, 550, 8"
"1452, 549, 85"
"1453, 548, 29"
"1454, 547, 72"
"1455, 546, 97"
"1456, 545, 10"
"1457, 544, 19"
"1458, 543, 74"
"1459, 542, 75"
"1460, 541, 74"
"1461, 540, 63"
"1462, 539, 60"
"1463, 538, 21"
"1464, 537, 84"
"1465, 536, 65"
"1466, 535, 85"
"1467, 534, 96"
"1468, 533, 83"
"1469, 532, 3"
"1470, 531, 57"
"1471, 530, 14"
"1472, 529, 21"
"1473, 528, 59"
"1474, 527, 44"
"1475, 526, 54"
"1476, 525, 77"
"1477, 524, 68"
"1478, 523, 77"
"1479, 522, 69"
"1480, 521, 42"
"1481, 520, 67"
"1482, 519, 56"
"1483, 518, 71"
"1484, 517, 29"
"1485, 516, 46"
"1486, 515, 96"
"1487, 514, 98"
"1488, 513, 34"
"1489, 512, 39"
"1490, 511, 92"
"1491, 510, 22"
"1492, 509, 35"
"1493, 508, 57"
"1494, 507, 65"
"1495, 506, 66"
"1496, 505, 75"
"1497, 504, 30"
"1498, 503, 61"
"1499, 502, 23"
"1500, 501, 58"
"1501, 500, 43"
"1502, 499, 38"
"1503, 498, 59"
"1504, 497, 89"
"1505, 496, 48"
"1506, 495, 86"
"1507, 494, 6"
"1508, 493, 1"
"1509, 492, 82"
"1510, 491, 82"
"1511, 490, 96"
"1512, 489, 90"
"1513, 488, 11"
"1514, 487, 20"
"1515, 486, 90"
"1516, 485, 90"
"1517, 484, 1"
"1518, 483, 80"
"1519, 482, 53"
"1520, 481, 90"
"1521, 480, 52"
"1522, 479, 52"
"1523, 478, 28"
"1524, 477, 21"
"1525, 476, 63"
"1526, 475, 6"
"1527, 474, 96"
"1528, 473, 48"
"1529, 472, 35"
"1530, 471, 22"
"1531, 470, 10"
"1532, 469, 76"
"1533, 468, 16"
"1534, 467, 9"
"1535, 466, 41"
"1536, 465, 40"
"1537, 464, 71"
"1538, 463, 81"
"1539, 462, 32"
"1540, 461, 78"
"1541, 460, 99"
"1542, 459, 94"
"1543, 458, 78"
"1544, 457, 9"
"1545, 456, 11"
"1546, 455, 49"
"1547, 454, 55"
"1548, 453, 12"
"1549, 452, 79"
"1550, 451, 74"
"1551, 450, 19"
"1552, 449, 93"
"1553, 448, 98"
"1554, 447, 37"
"1555, 446, 29"
"1556, 445, 29"
"1557, 444, 91"
"1558, 443, 73"
"1559, 442, 57"
"1560, 441, 66"
"1561, 440, 5"
"1562, 439, 9"
"1563, 438, 13"
"1564, 437, 65"
"1565, 436, 72"
"1566, 435, 57"
"1567, 434, 14"
"1568, 433, 5"
"1569, 432, 10"
"1570, 431, 27"
"1571, 430, 22"
"1572, 429, 57"
"1573, 428, 64"
"1574, 427, 71"
"1575, 426, 18"
"1576, 425, 39"
"1577, 424, 32"
"1578, 423, 96"
"1579, 422, 58"
"1580, 421, 69"
"1581, 420, 97"
"1582, 419, 7"
"1583, 418, 99"
"1584, 417, 73"
"1585, 416, 29"
"1586, 415, 61"
"1587, 414, 61"
"1588, 413, 56"
"1589, 412, 56"
"1590, 411, 88"
"1591, 410, 62"
"1592, 409, 15"
"1593, 408, 3"
"1594, 407, 25"
"1595, 406, 86"
"1596, 405, 11"
"1597, 404, 15"
"1598, 403, 38"
"1599, 402, 64"
"1600, 401, 27"
"1601, 400, 46"
"1602, 399, 65"
"1603, 398, 43"
"1604, 397, 84"
"1605, 396, 84"
"1606, 395, 17"
"1607, 394, 59"
"1608, 393, 96"
"1609, 392, 57"
"1610, 391, 69"
"1611, 390, 13"
"1612, 389, 56"
"1613, 388, 33"
"1614, 387, 38"
"1615, 386, 39"
"1616, 385, 98"
"1617, 384, 15"
"1618, 383, 20"
"1619, 382, 96"
"1620, 381, 76"
"1621, 380, 14"
"1622, 379, 15"
"1623, 378, 45"
"1624, 377, 86"
"1625, 376, 43"
"1626, 375, 38"
"1627, 374, 22"
"1628, 373, 1"
"1629, 372, 78"
"1630, 371, 90"
"1631, 370, 2"
"1632, 369, 64"
"1633, 368, 14"
"1634, 367, 67"
"1635, 366, 27"
"1636, 365, 64"
"1637, 364, 73"
"1638, 363, 91"
"1639, 362, 8"
"1640, 361, 32"
"1641, 360, 74"
"1642, 359, 72"
"1643, 358, 98"
"1644, 357, 12"
"1645, 356, 68"
"1646, 355, 62"
"1647, 354, 49"
"1648, 353, 80"
"1649, 352, 44"
"1650, 351, 5"
"1651, 350, 15"
"1652, 349, 7"
"1653, 348, 30"
"1654, 347, 80"
"1655, 346, 76"
"1656, 345, 59"
"1657, 344, 96"
"1658, 343, 87"
"1659, 342, 98"
"1660, 341, 90"
"1661, 340, 47"
"1662, 339, 49"
"1663, 338, 64"
"1664, 337, 1"
"1665, 336, 30"
"1666, 335, 11"
"1667, 334, 19"
"1668, 333, 56"
"1669, 332, 62"
"1670, 331, 25"
"1671, 330, 81"
"1672, 329, 54"
"1673, 328, 21"
"1674, 327, 85"
"1675, 326, 83"
"1676, 325, 26"
"1677, 324, 25"
"1678, 323, 49"
"1679, 322, 94"
"1680, 321, 23"
"1681, 320, 58"
"1682, 319, 65"
"1683, 318, 68"
"1684, 317, 70"
"1685, 316, 63"
"1686, 315, 32"
"1687, 314, 76"
"1688, 313, 75"
"1689, 312, 66"
"1690, 311, 39"
"1691, 310, 3"
"1692, 309, 55"
"1693, 308, 22"
"1694, 307, 39"
"1695, 306, 19"
"1696, 305, 93"
"1697, 304, 76"
"1698, 303, 54"
"1699, 302, 5"
"1700, 301, 11"
"1701, 300, 82"
"1702, 299, 63"
"1703, 298, 5"
"1704, 297, 92"
"1705, 296, 34"
"1706, 295, 56"
"1707, 294, 35"
"1708, 293, 95"
"1709, 292, 89"
"1710, 291, 34"
"1711, 290, 52"
"1712, 289, 87"
"1713, 288, 58"
"1714, 287, 48"
"1715, 286, 72"
"1716, 285, 26"
"1717, 284, 72"
"1718, 283, 82"
"1719, 282, 99"
"1720, 281, 20"
"1721, 280, 76"
"1722, 279, 53"
"1723, 278, 70"
"1724, 277, 82"
"1725, 276, 51"
"1726, 275, 87"
"1727, 274, 71"
"1728, 273, 50"
"1729, 272, 57"
"1730, 271, 42"
"1731, 270, 92"
"1732, 269, 48"
"1733, 268, 26"
"1734, 267, 41"
"1735, 266, 6"
"1736, 265, 22"
"1737, 264, 75"
"1738, 263, 41"
"1739, 262, 36"
"1740, 261, 59"
"1741, 260, 47"
"1742, 259, 51"
"1743, 258, 88"
"1744, 257, 12"
"1745, 256, 68"
"1746, 255, 62"
"1747, 254, 24"
"1748, 253, 17"
"1749, 252, 57"
"1750, 251, 25"
"1751, 250, 93"
"1752, 249, 8"
"1753, 248, 14"
"1754, 247, 23"
"1755, 246, 78"
"1756, 245, 65"
"1757, 244, 85"
"1758, 243, 6"
"1759, 242, 74"
"1760, 241, 14"
"1761, 240, 89"
"1762, 239, 92"
"1763, 238, 74"
"1764, 237, 70"
"1765, 236, 73"
"1766, 235, 45"
"1767, 234, 69"
"1768, 233, 28"
"1769, 232, 43"
"1770, 231, 67"
"1771, 230, 74"
"1772, 229, 74"
"1773, 228, 9"
"1774, 227, 8"
"1775, 226, 28"
"1776, 225, 93"
"1777, 224, 57"
"1778, 223, 39"
"1779, 222, 18"
"1780, 221, 80"
"1781, 220, 4"
"1782, 219, 96"
"1783, 218, 52"
"1784, 217, 58"
"1785, 216, 85"
"1786, 215, 84"
"1787, 214, 78"
"1788, 213, 3"
"1789, 212, 90"
"1790, 211, 75"
"1791, 210, 46"
"1792, 209, 1"
"1793, 208, 87"
"1794, 207, 14"
"1795, 206, 34"
"1796, 205, 12"
"1797, 204, 3"
"1798, 203, 34"
"1799, 202, 5"
"1800, 201, 27"
"1801, 200, 63"
"1802, 199, 33"
"1803, 198, 31"
"1804, 197, 75"
"1805, 196, 34"
"1806, 195, 13"
"1807, 194, 46"
"1808, 193, 82"
"1809, 192, 28"
"1810, 191, 16"
"1811, 190, 84"
"1812, 189, 57"
"1813, 188, 66"
"1814, 187, 46"
"1815, 186, 23"
"1816, 185, 87"
"1817, 184, 32"
"1818, 183, 32"
"1819, 182, 65"
"1820, 181, 34"
"1821, 180, 15"
"1822, 179, 42"
"1823, 178, 94"
"1824, 177, 36"
"1825, 176, 69"
"1826, 175, 10"
"1827, 174, 49"
"1828, 173, 33"
"1829, 172, 61"
"1830, 171, 44"
"1831, 170, 35"
"1832, 169, 34"
"1833, 168, 93"
"1834, 167, 40"
"1835, 166, 75"
"1836, 165, 95"
"1837, 164, 50"
"1838, 163, 33"
"1839, 162, 35"
"1840, 161, 18"
"1841, 160, 63"
"1842, 159, 89"
"1843, 158, 58"
"1844, 157, 92"
"1845, 156, 61"
"1846, 155, 39"
"1847, 154, 24"
"1848, 153, 83"
"1849, 152, 46"
"1850, 151, 87"
"1851, 150, 95"
"1852, 149, 61"
"1853, 148, 93"
"1854, 147, 79"
"1855, 146, 29"
"1856, 145, 39"
"1857, 144, 67"
"1858, 143, 1"
"1859, 142, 26"
"1860, 141, 46"
"1861, 140, 13"
"1862, 139, 43"
"1863, 138, 38"
"1864, 137, 91"
"1865, 136, 58"
"1866, 135, 56"
"1867, 134, 19"
"1868, 133, 36"
"1869, 132, 80"
"1870, 131, 17"
"1871, 130, 15"
"1872, 129, 54"
"1873, 128, 22"
"1874, 127, 34"
"1875, 126, 36"
"1876, 125, 22"
"1877, 124, 96"
"1878, 123, 53"
"1879, 122, 6"
"1880, 121, 93"
"1881, 120, 75"
"1882, 119, 77"
"1883, 118, 38"
"1884, 117, 3"
"1885, 116, 6"
"1886, 115, 64"
"1887, 114, 98"
"1888, 113, 18"
"1889, 112, 57"
"1890, 111, 54"
"1891, 110, 38"
"1892, 109, 82"
"1893, 108, 62"
"1894, 107, 76"
"1895, 106, 89"
"1896, 105, 38"
"1897, 104, 34"
"1898, 103, 1"
"1899, 102, 97"
"1900, 101, 5"
"1901, 100, 52"
"1902, 99, 38"
"1903, 98, 95"
"1904, 97, 67"
"1905, 96, 10"
"1906, 95, 71"
"1907, 94, 80"
"1908, 93, 35"
"1909, 92, 14"
"1910, 91, 26"
"1911, 90, 24"
"1912, 89, 12"
"1913, 88, 93"
"1914, 87, 81"
"1915, 86, 81"
"1916, 85, 56"
"1917, 84, 77"
"1918, 83, 42"
"1919, 82, 15"
"1920, 81, 92"
"1921, 80, 77"
"1922, 79, 20"
"1923, 78, 91"
"1924, 77, 99"
"1925, 76, 43"
"1926, 75, 60"
"1927, 74, 62"
"1928, 73, 30"
"1929, 72, 59"
"1930, 71, 88"
"1931, 70, 10"
"1932, 69, 42"
"1933, 68, 24"
"1934, 67, 1"
"1935, 66, 8"
"1936, 65, 28"
"1937, 64, 7"
"1938, 63, 80"
"1939, 62, 22"
"1940, 61, 49"
"1941, 60, 55"
"1942, 59, 95"
"1943, 58, 71"
"1944, 57, 66"
"1945, 56, 86"
"1946, 55, 53"
"1947, 54, 57"
"1948, 53, 67"
"1949, 52, 32"
"1950, 51, 91"
"1951, 50, 93"
"1952, 49, 56"
"1953, 48, 80"
"1954, 47, 64"
"1955, 46, 97"
"1956, 45, 22"
"1957, 44, 98"
"1958, 43, 74"
"1959, 42, 27"
"1960, 41, 19"
"1961, 40, 87"
"1962, 39, 67"
"1963, 38, 77"
"1964, 37, 63"
"1965, 36, 78"
"1966, 35, 90"
"1967, 34, 67"
"1968, 33, 50"
"1969, 32, 46"
"1970, 31, 4"
"1971, 30, 76"
"1972, 29, 56"
"1973, 28, 57"
"1974, 27, 87"
"1975, 26, 93"
"1976, 25, 95"
"1977, 24, 86"
"1978, 23, 40"
"1979, 22, 37"
"1980, 21, 24"
"1981, 20, 97"
"1982, 19, 70"
"1983, 18, 93"
"1984, 17, 43"
"1985, 16, 85"
"1986, 15, 23"
"1987, 14, 69"
"1988, 13, 26"
"1989, 12, 2"
"1990, 11, 76"
"1991, 10, 3"
"1992, 9, 72"
"1993, 8, 62"
"1994, 7, 28"
"1995, 6, 73"
"1996, 5, 9"
"1997, 4, 60"
"1998, 3, 50"
"1999, 2, 13"
"2000, 1, 30"
"2001, 45, 64"
"2002, 189, 52"
"2003, 1141, 77"
"2004, 693, 49"
"2005, 1488, 73"
"2006, 1725, 52"
"2007, 176, 66"
"2008, 89, 38"
"2009, 270, 59"
"2010, 1050, 54"
"2011, 948, 47"
"2012, 1693, 52"
"2013, 1273, 16"
"2014, 173, 33"
"2015, 1241, 26"
"2016, 989, 37"
"2017, 1956, 70"
"2018, 1536, 80"
"2019, 1079, 40"
"2020, 776, 73"
"2021, 461, 47"
"2022, 76, 33"
"2023, 1237, 46"
"2024, 393, 6"
"2025, 1726, 21"
"2026, 1771, 77"
"2027, 840, 49"
"2028, 1801, 41"
"2029, 1863, 83"
"2030, 975, 60"
"2031, 148, 36"
"2032, 1755, 98"
"2033, 1817, 76"
"2034, 1486, 31"
"2035, 1969, 38"
"2036, 478, 91"
"2037, 768, 78"
"2038, 1329, 33"
"2039, 874, 88"
"2040, 678, 40"
"2041, 1328, 10"
"2042, 944, 96"
"2043, 660, 96"
"2044, 749, 20"
"2045, 1108, 91"
"2046, 1713, 15"
"2047, 1145, 98"
"2048, 36, 60"
"2049, 1578, 78"
"2050, 1682, 51"
"2051, 1215, 10"
"2052, 501, 5"
"2053, 572, 40"
"2054, 1296, 32"
"2055, 1432, 21"
"2056, 1068, 55"
"2057, 1068, 63"
"2058, 169, 65"
"2059, 1700, 57"
"2060, 1344, 89"
"2061, 1269, 9"
"2062, 1466, 94"
"2063, 1348, 6"
"2064, 919, 12"
"2065, 1052, 95"
"2066, 1215, 35"
"2067, 1175, 7"
"2068, 826, 79"
"2069, 222, 87"
"2070, 1057, 96"
"2071, 1455, 40"
"2072, 1764, 78"
"2073, 99, 34"
"2074, 363, 73"
"2075, 1456, 65"
"2076, 558, 60"
"2077, 560, 77"
"2078, 400, 29"
"2079, 826, 13"
"2080, 1350, 94"
"2081, 505, 85"
"2082, 262, 6"
"2083, 694, 6"
"2084, 926, 30"
"2085, 595, 66"
"2086, 1222, 35"
"2087, 1832, 36"
"2088, 1407, 95"
"2089, 1522, 76"
"2090, 1691, 54"
"2091, 755, 62"
"2092, 1270, 73"
"2093, 1070, 90"
"2094, 1858, 87"
"2095, 166, 25"
"2096, 671, 85"
"2097, 503, 30"
"2098, 332, 79"
"2099, 969, 1"
"2100, 1608, 29"
"2101, 558, 94"
"2102, 115, 81"
"2103, 1146, 16"
"2104, 1101, 2"
"2105, 1633, 57"
"2106, 1290, 34"
"2107, 1526, 52"
"2108, 928, 80"
"2109, 1754, 5"
"2110, 1633, 48"
"2111, 1568, 75"
"2112, 550, 54"
"2113, 879, 69"
"2114, 1660, 25"
"2115, 1270, 42"
"2116, 1767, 83"
"2117, 1524, 28"
"2118, 311, 82"
"2119, 1560, 1"
"2120, 1086, 85"
"2121, 1970, 43"
"2122, 1981, 21"
"2123, 1229, 68"
"2124, 1447, 82"
"2125, 1908, 91"
"2126, 255, 50"
"2127, 1413, 76"
"2128, 1236, 99"
"2129, 1982, 2"
"2130, 1814, 10"
"2131, 1215, 73"
"2132, 1201, 39"
"2133, 997, 19"
"2134, 1240, 21"
"2135, 789, 44"
"2136, 999, 41"
"2137, 1285, 25"
"2138, 1617, 33"
"2139, 1983, 76"
"2140, 1738, 3"
"2141, 1343, 11"
"2142, 1503, 77"
"2143, 714, 14"
"2144, 766, 57"
"2145, 7, 37"
"2146, 537, 22"
"2147, 1477, 6"
"2148, 487, 68"
"2149, 1777, 42"
"2150, 674, 22"
"2151, 1578, 23"
"2152, 1087, 6"
"2153, 714, 28"
"2154, 1703, 53"
"2155, 890, 84"
"2156, 1259, 25"
"2157, 1184, 28"
"2158, 304, 41"
"2159, 99, 81"
"2160, 424, 87"
"2161, 691, 3"
"2162, 1881, 13"
"2163, 320, 3"
"2164, 342, 69"
"2165, 1365, 12"
"2166, 1745, 91"
"2167, 1561, 35"
"2168, 627, 17"
"2169, 1227, 47"
"2170, 1522, 48"
"2171, 14, 78"
"2172, 184, 75"
"2173, 1018, 52"
"2174, 1146, 95"
"2175, 1772, 54"
"2176, 1660, 38"
"2177, 194, 10"
"2178, 1349, 78"
"2179, 419, 85"
"2180, 254, 69"
"2181, 1463, 75"
"2182, 1012, 62"
"2183, 1068, 87"
"2184, 1524, 98"
"2185, 1232, 67"
"2186, 447, 94"
"2187, 802, 73"
"2188, 1417, 54"
"2189, 869, 16"
"2190, 1072, 28"
"2191, 1059, 13"
"2192, 539, 75"
"2193, 650, 81"
"2194, 1552, 83"
"2195, 392, 52"
"2196, 1039, 99"
"2197, 1595, 95"
"2198, 195, 62"
"2199, 506, 80"
"2200, 1348, 78"
"2201, 1361, 15"
"2202, 49, 71"
"2203, 1295, 84"
"2204, 187, 25"
"2205, 189, 78"
"2206, 72, 26"
"2207, 1796, 18"
"2208, 80, 7"
"2209, 296, 27"
"2210, 870, 31"
"2211, 1801, 36"
"2212, 305, 22"
"2213, 975, 8"
"2214, 811, 70"
"2215, 562, 83"
"2216, 1088, 23"
"2217, 1555, 94"
"2218, 754, 62"
"2219, 1915, 25"
"2220, 70, 45"
"2221, 434, 61"
"2222, 1824, 80"
"2223, 436, 15"
"2224, 339, 64"
"2225, 1768, 87"
"2226, 1410, 45"
"2227, 1239, 54"
"2228, 1545, 3"
"2229, 492, 70"
"2230, 488, 28"
"2231, 1552, 9"
"2232, 283, 3"
"2233, 215, 51"
"2234, 154, 24"
"2235, 411, 16"
"2236, 457, 60"
"2237, 1530, 27"
"2238, 1409, 77"
"2239, 662, 2"
"2240, 1966, 65"
"2241, 379, 24"
"2242, 1262, 21"
"2243, 30, 7"
"2244, 802, 29"
"2245, 292, 75"
"2246, 313, 12"
"2247, 1214, 80"
"2248, 1679, 87"
"2249, 617, 25"
"2250, 1493, 79"
"2251, 788, 8"
"2252, 158, 32"
"2253, 1632, 82"
"2254, 1444, 41"
"2255, 557, 18"
"2256, 1266, 64"
"2257, 174, 69"
"2258, 1549, 97"
"2259, 353, 63"
"2260, 372, 2"
"2261, 489, 65"
"2262, 1646, 72"
"2263, 455, 89"
"2264, 457, 52"
"2265, 1767, 22"
"2266, 184, 43"
"2267, 150, 47"
"2268, 1164, 34"
"2269, 845, 4"
"2270, 54, 35"
"2271, 1777, 94"
"2272, 1682, 61"
"2273, 5, 45"
"2274, 1626, 72"
"2275, 1791, 11"
"2276, 517, 34"
"2277, 823, 25"
"2278, 43, 44"
"2279, 1039, 61"
"2280, 1193, 27"
"2281, 741, 85"
"2282, 491, 95"
"2283, 990, 33"
"2284, 1905, 84"
"2285, 389, 18"
"2286, 179, 34"
"2287, 161, 52"
"2288, 74, 92"
"2289, 609, 17"
"2290, 1442, 49"
"2291, 1788, 59"
"2292, 1932, 57"
"2293, 1447, 40"
"2294, 784, 92"
"2295, 997, 90"
"2296, 1329, 61"
"2297, 1090, 86"
"2298, 174, 94"
"2299, 1181, 17"
"2300, 812, 37"
"2301, 1207, 84"
"2302, 1162, 69"
"2303, 1676, 28"
"2304, 1394, 3"
"2305, 1935, 21"
"2306, 1609, 40"
"2307, 968, 45"
"2308, 434, 25"
"2309, 1169, 58"
"2310, 1520, 69"
"2311, 786, 98"
"2312, 893, 19"
"2313, 1102, 98"
"2314, 1229, 22"
"2315, 79, 5"
"2316, 1506, 30"
"2317, 615, 47"
"2318, 1805, 14"
"2319, 102, 60"
"2320, 176, 89"
"2321, 1940, 49"
"2322, 1144, 73"
"2323, 1482, 79"
"2324, 1962, 10"
"2325, 237, 24"
"2326, 8, 72"
"2327, 447, 69"
"2328, 53, 93"
"2329, 1693, 8"
"2330, 361, 65"
"2331, 26, 88"
"2332, 91, 61"
"2333, 82, 79"
"2334, 1343, 46"
"2335, 1973, 9"
"2336, 1069, 19"
"2337, 1525, 77"
"2338, 418, 89"
"2339, 1253, 72"
"2340, 472, 15"
"2341, 730, 93"
"2342, 1756, 28"
"2343, 1648, 83"
"2344, 1228, 60"
"2345, 881, 10"
"2346, 294, 44"
"2347, 1899, 95"
"2348, 571, 46"
"2349, 1140, 88"
"2350, 553, 79"
"2351, 1114, 26"
"2352, 1453, 24"
"2353, 1859, 68"
"2354, 52, 17"
"2355, 1019, 31"
"2356, 1760, 71"
"2357, 1638, 33"
"2358, 349, 91"
"2359, 1022, 41"
"2360, 958, 37"
"2361, 793, 12"
"2362, 225, 77"
"2363, 1837, 53"
"2364, 1573, 99"
"2365, 357, 45"
"2366, 1894, 42"
"2367, 433, 74"
"2368, 1040, 73"
"2369, 1607, 12"
"2370, 1105, 43"
"2371, 251, 26"
"2372, 121, 51"
"2373, 1913, 99"
"2374, 1288, 41"
"2375, 28, 98"
"2376, 397, 92"
"2377, 132, 67"
"2378, 968, 74"
"2379, 594, 84"
"2380, 1710, 85"
"2381, 416, 34"
"2382, 308, 34"
"2383, 41, 75"
"2384, 270, 19"
"2385, 1726, 46"
"2386, 1066, 73"
"2387, 1551, 26"
"2388, 1078, 70"
"2389, 961, 5"
"2390, 1478, 6"
"2391, 388, 71"
"2392, 1713, 55"
"2393, 1253, 85"
"2394, 1970, 76"
"2395, 1560, 1"
"2396, 603, 8"
"2397, 646, 54"
"2398, 1101, 35"
"2399, 1381, 16"
"2400, 1043, 21"
"2401, 704, 10"
"2402, 910, 71"
"2403, 762, 1"
"2404, 497, 88"
"2405, 642, 62"
"2406, 1348, 5"
"2407, 1918, 56"
"2408, 830, 71"
"2409, 1823, 68"
"2410, 151, 41"
"2411, 1715, 44"
"2412, 1383, 55"
"2413, 774, 36"
"2414, 358, 88"
"2415, 642, 2"
"2416, 540, 41"
"2417, 526, 71"
"2418, 323, 94"
"2419, 1331, 90"
"2420, 963, 37"
"2421, 1840, 8"
"2422, 976, 71"
"2423, 1999, 33"
"2424, 133, 78"
"2425, 1889, 43"
"2426, 1041, 48"
"2427, 1231, 19"
"2428, 25, 99"
"2429, 1144, 99"
"2430, 512, 34"
"2431, 1883, 39"
"2432, 1378, 23"
"2433, 655, 10"
"2434, 143, 23"
"2435, 1774, 57"
"2436, 1283, 6"
"2437, 250, 19"
"2438, 865, 43"
"2439, 1217, 68"
"2440, 1304, 95"
"2441, 1381, 17"
"2442, 258, 58"
"2443, 1571, 69"
"2444, 1785, 44"
"2445, 1731, 44"
"2446, 1847, 20"
"2447, 1223, 74"
"2448, 633, 36"
"2449, 448, 45"
"2450, 314, 55"
"2451, 83, 95"
"2452, 1617, 61"
"2453, 1814, 89"
"2454, 781, 4"
"2455, 794, 12"
"2456, 1007, 63"
"2457, 741, 24"
"2458, 194, 99"
"2459, 762, 58"
"2460, 183, 13"
"2461, 1104, 64"
"2462, 270, 61"
"2463, 1335, 78"
"2464, 1418, 8"
"2465, 162, 34"
"2466, 1706, 24"
"2467, 1371, 9"
"2468, 184, 63"
"2469, 370, 26"
"2470, 957, 95"
"2471, 633, 81"
"2472, 1805, 78"
"2473, 130, 77"
"2474, 1688, 8"
"2475, 1153, 69"
"2476, 1314, 7"
"2477, 1208, 98"
"2478, 339, 81"
"2479, 40, 67"
"2480, 1402, 17"
"2481, 1961, 19"
"2482, 870, 66"
"2483, 1351, 72"
"2484, 926, 66"
"2485, 1307, 76"
"2486, 1572, 2"
"2487, 346, 54"
"2488, 1874, 84"
"2489, 1971, 52"
"2490, 1059, 85"
"2491, 1838, 37"
"2492, 618, 99"
"2493, 1365, 24"
"2494, 286, 94"
"2495, 315, 72"
"2496, 1666, 76"
"2497, 1521, 40"
"2498, 1236, 11"
"2499, 241, 39"
"2500, 1124, 37"
"2501, 1796, 90"
"2502, 680, 68"
"2503, 1252, 44"
"2504, 747, 67"
"2505, 1792, 44"
"2506, 1614, 11"
"2507, 223, 90"
"2508, 1209, 88"
"2509, 239, 59"
"2510, 1090, 64"
"2511, 1886, 53"
"2512, 350, 89"
"2513, 138, 94"
"2514, 1108, 34"
"2515, 567, 47"
"2516, 185, 63"
"2517, 237, 23"
"2518, 258, 27"
"2519, 1591, 75"
"2520, 1258, 84"
"2521, 468, 51"
"2522, 1174, 83"
"2523, 1813, 10"
"2524, 659, 96"
"2525, 1018, 20"
"2526, 817, 33"
"2527, 1648, 65"
"2528, 1151, 72"
"2529, 844, 56"
"2530, 1370, 20"
"2531, 1628, 66"
"2532, 83, 72"
"2533, 842, 40"
"2534, 631, 29"
"2535, 411, 52"
"2536, 1387, 21"
"2537, 688, 69"
"2538, 1195, 13"
"2539, 938, 16"
"2540, 829, 16"
"2541, 932, 98"
"2542, 1230, 93"
"2543, 762, 47"
"2544, 323, 58"
"2545, 1047, 63"
"2546, 1152, 88"
"2547, 1924, 38"
"2548, 547, 40"
"2549, 1603, 10"
"2550, 1172, 10"
"2551, 883, 15"
"2552, 885, 70"
"2553, 1344, 82"
"2554, 720, 30"
"2555, 492, 67"
"2556, 670, 21"
"2557, 1327, 70"
"2558, 173, 46"
"2559, 4, 85"
"2560, 449, 86"
"2561, 1819, 42"
"2562, 702, 31"
"2563, 27, 74"
"2564, 840, 9"
"2565, 950, 53"
"2566, 1515, 45"
"2567, 81, 9"
"2568, 1424, 40"
"2569, 1407, 58"
"2570, 1619, 50"
"2571, 96, 86"
"2572, 1841, 14"
"2573, 363, 40"
"2574, 1423, 99"
"2575, 1495, 93"
"2576, 717, 45"
"2577, 980, 5"
"2578, 1630, 29"
"2579, 1407, 16"
"2580, 1634, 2"
"2581, 1568, 1"
"2582, 751, 34"
"2583, 37, 29"
"2584, 1469, 72"
"2585, 1866, 67"
"2586, 528, 77"
"2587, 1212, 1"
"2588, 1533, 29"
"2589, 708, 23"
"2590, 617, 52"
"2591, 1557, 55"
"2592, 189, 18"
"2593, 1196, 4"
"2594, 1309, 52"
"2595, 1793, 84"
"2596, 1550, 43"
"2597, 1865, 25"
"2598, 998, 88"
"2599, 1994, 66"
"2600, 812, 23"
"2601, 1897, 87"
"2602, 286, 37"
"2603, 383, 96"
"2604, 1880, 92"
"2605, 1208, 44"
"2606, 1075, 20"
"2607, 1078, 7"
"2608, 1425, 82"
"2609, 1804, 29"
"2610, 138, 56"
"2611, 774, 80"
"2612, 298, 66"
"2613, 1860, 40"
"2614, 1611, 45"
"2615, 1132, 56"
"2616, 1681, 25"
"2617, 64, 39"
"2618, 1778, 44"
"2619, 519, 11"
"2620, 570, 17"
"2621, 1832, 83"
"2622, 1112, 45"
"2623, 1357, 60"
"2624, 1108, 94"
"2625, 1508, 76"
"2626, 812, 61"
"2627, 1327, 70"
"2628, 1534, 49"
"2629, 579, 5"
"2630, 1243, 79"
"2631, 848, 1"
"2632, 1958, 8"
"2633, 402, 97"
"2634, 1803, 26"
"2635, 1434, 20"
"2636, 134, 73"
"2637, 745, 47"
"2638, 1474, 54"
"2639, 1622, 70"
"2640, 864, 49"
"2641, 1076, 65"
"2642, 1409, 26"
"2643, 1770, 23"
"2644, 1135, 10"
"2645, 600, 97"
"2646, 414, 32"
"2647, 1521, 14"
"2648, 599, 31"
"2649, 1255, 46"
"2650, 817, 72"
"2651, 208, 68"
"2652, 347, 79"
"2653, 147, 67"
"2654, 260, 85"
"2655, 1653, 57"
"2656, 1381, 19"
"2657, 1077, 26"
"2658, 725, 96"
"2659, 203, 39"
"2660, 955, 44"
"2661, 1309, 65"
"2662, 506, 74"
"2663, 685, 35"
"2664, 868, 39"
"2665, 1209, 11"
"2666, 1070, 13"
"2667, 1753, 98"
"2668, 1750, 75"
"2669, 816, 45"
"2670, 1816, 77"
"2671, 509, 62"
"2672, 882, 56"
"2673, 654, 18"
"2674, 1254, 62"
"2675, 859, 20"
"2676, 1852, 43"
"2677, 103, 75"
"2678, 835, 40"
"2679, 1889, 54"
"2680, 297, 52"
"2681, 1842, 13"
"2682, 118, 63"
"2683, 328, 19"
"2684, 1411, 16"
"2685, 1288, 13"
"2686, 1637, 27"
"2687, 1936, 48"
"2688, 1926, 90"
"2689, 292, 35"
"2690, 1475, 88"
"2691, 744, 43"
"2692, 357, 7"
"2693, 1491, 24"
"2694, 1997, 21"
"2695, 694, 23"
"2696, 450, 84"
"2697, 779, 27"
"2698, 1451, 79"
"2699, 1541, 75"
"2700, 605, 38"
"2701, 1426, 37"
"2702, 794, 98"
"2703, 237, 58"
"2704, 1819, 81"
"2705, 1623, 46"
"2706, 1620, 32"
"2707, 462, 76"
"2708, 455, 76"
"2709, 602, 56"
"2710, 25, 39"
"2711, 1857, 65"
"2712, 1044, 65"
"2713, 874, 45"
"2714, 59, 59"
"2715, 1602, 50"
"2716, 292, 75"
"2717, 860, 49"
"2718, 75, 7"
"2719, 600, 96"
"2720, 623, 63"
"2721, 570, 6"
"2722, 1643, 60"
"2723, 1842, 67"
"2724, 1451, 49"
"2725, 719, 27"
"2726, 229, 51"
"2727, 924, 78"
"2728, 109, 18"
"2729, 601, 46"
"2730, 892, 99"
"2731, 774, 83"
"2732, 819, 6"
"2733, 1888, 9"
"2734, 393, 62"
"2735, 1896, 75"
"2736, 610, 57"
"2737, 1954, 18"
"2738, 1492, 46"
"2739, 883, 25"
"2740, 223, 99"
"2741, 862, 98"
"2742, 1346, 54"
"2743, 1519, 28"
"2744, 562, 46"
"2745, 942, 80"
"2746, 774, 58"
"2747, 1912, 98"
"2748, 1118, 76"
"2749, 1174, 3"
"2750, 242, 74"
"2751, 157, 86"
"2752, 222, 60"
"2753, 1311, 44"
"2754, 461, 56"
"2755, 1636, 35"
"2756, 1908, 18"
"2757, 1765, 67"
"2758, 907, 20"
"2759, 972, 46"
"2760, 608, 43"
"2761, 1913, 49"
"2762, 920, 90"
"2763, 1507, 70"
"2764, 271, 54"
"2765, 1534, 71"
"2766, 78, 15"
"2767, 1989, 45"
"2768, 502, 10"
"2769, 532, 98"
"2770, 770, 32"
"2771, 216, 73"
"2772, 1435, 22"
"2773, 1161, 1"
"2774, 1505, 29"
"2775, 1716, 15"
"2776, 700, 39"
"2777, 645, 4"
"2778, 971, 97"
"2779, 1746, 97"
"2780, 580, 51"
"2781, 1332, 68"
"2782, 1232, 67"
"2783, 1501, 42"
"2784, 326, 28"
"2785, 114, 67"
"2786, 1645, 44"
"2787, 650, 83"
"2788, 893, 84"
"2789, 570, 58"
"2790, 533, 15"
"2791, 658, 42"
"2792, 473, 59"
"2793, 1899, 38"
"2794, 1643, 24"
"2795, 919, 97"
"2796, 1073, 74"
"2797, 1455, 50"
"2798, 1622, 4"
"2799, 496, 74"
"2800, 414, 36"
"2801, 1480, 99"
"2802, 282, 49"
"2803, 1589, 7"
"2804, 1671, 68"
"2805, 651, 80"
"2806, 1743, 44"
"2807, 608, 45"
"2808, 1655, 34"
"2809, 225, 1"
"2810, 742, 83"
"2811, 1215, 12"
"2812, 442, 54"
"2813, 1591, 12"
"2814, 701, 60"
"2815, 311, 94"
"2816, 1900, 51"
"2817, 399, 72"
"2818, 937, 37"
"2819, 784, 99"
"2820, 742, 47"
"2821, 144, 68"
"2822, 1120, 84"
"2823, 1827, 18"
"2824, 1745, 94"
"2825, 1583, 7"
"2826, 84, 52"
"2827, 427, 58"
"2828, 271, 97"
"2829, 613, 23"
"2830, 484, 44"
"2831, 1019, 23"
"2832, 1556, 51"
"2833, 1676, 72"
"2834, 916, 48"
"2835, 1977, 21"
"2836, 206, 29"
"2837, 1440, 46"
"2838, 948, 96"
"2839, 1134, 90"
"2840, 1245, 32"
"2841, 1427, 61"
"2842, 1564, 60"
"2843, 1046, 70"
"2844, 1835, 18"
"2845, 258, 40"
"2846, 334, 34"
"2847, 338, 95"
"2848, 1925, 18"
"2849, 1246, 71"
"2850, 969, 97"
"2851, 82, 75"
"2852, 1900, 97"
"2853, 1813, 92"
"2854, 610, 45"
"2855, 1769, 97"
"2856, 1498, 66"
"2857, 476, 81"
"2858, 138, 43"
"2859, 1918, 78"
"2860, 1356, 83"
"2861, 476, 4"
"2862, 1299, 21"
"2863, 1824, 51"
"2864, 1820, 65"
"2865, 1741, 41"
"2866, 303, 84"
"2867, 406, 35"
"2868, 1561, 34"
"2869, 1217, 78"
"2870, 1159, 9"
"2871, 324, 24"
"2872, 459, 38"
"2873, 41, 38"
"2874, 5, 40"
"2875, 417, 95"
"2876, 658, 51"
"2877, 657, 10"
"2878, 804, 19"
"2879, 709, 83"
"2880, 1595, 23"
"2881, 1472, 37"
"2882, 1987, 72"
"2883, 528, 35"
"2884, 1058, 51"
"2885, 1727, 66"
"2886, 839, 24"
"2887, 344, 57"
"2888, 622, 24"
"2889, 1806, 92"
"2890, 1651, 8"
"2891, 1758, 38"
"2892, 1927, 33"
"2893, 17, 83"
"2894, 590, 48"
"2895, 943, 9"
"2896, 1355, 25"
"2897, 590, 15"
"2898, 1060, 87"
"2899, 1714, 28"
"2900, 949, 18"
"2901, 1712, 95"
"2902, 1785, 13"
"2903, 1872, 28"
"2904, 1617, 2"
"2905, 637, 53"
"2906, 460, 85"
"2907, 767, 50"
"2908, 609, 7"
"2909, 1863, 97"
"2910, 577, 65"
"2911, 324, 6"
"2912, 1429, 36"
"2913, 580, 38"
"2914, 1390, 75"
"2915, 1560, 14"
"2916, 1554, 1"
"2917, 1349, 58"
"2918, 850, 55"
"2919, 368, 49"
"2920, 163, 5"
"2921, 274, 18"
"2922, 1570, 6"
"2923, 197, 64"
"2924, 1949, 93"
"2925, 1605, 19"
"2926, 931, 76"
"2927, 393, 74"
"2928, 3, 94"
"2929, 1533, 14"
"2930, 582, 73"
"2931, 1813, 38"
"2932, 488, 89"
"2933, 1012, 45"
"2934, 437, 57"
"2935, 561, 47"
"2936, 1037, 31"
"2937, 145, 53"
"2938, 410, 28"
"2939, 665, 56"
"2940, 1700, 73"
"2941, 1978, 97"
"2942, 1456, 90"
"2943, 190, 69"
"2944, 725, 5"
"2945, 85, 2"
"2946, 1780, 40"
"2947, 1277, 66"
"2948, 553, 40"
"2949, 1007, 84"
"2950, 1970, 26"
"2951, 1485, 84"
"2952, 1358, 63"
"2953, 96, 51"
"2954, 1973, 13"
"2955, 126, 58"
"2956, 594, 65"
"2957, 533, 66"
"2958, 1053, 57"
"2959, 1809, 46"
"2960, 1907, 5"
"2961, 1716, 77"
"2962, 30, 6"
"2963, 478, 17"
"2964, 42, 95"
"2965, 621, 55"
"2966, 1598, 81"
"2967, 1861, 84"
"2968, 152, 26"
"2969, 1491, 19"
"2970, 1617, 48"
"2971, 954, 46"
"2972, 697, 37"
"2973, 1823, 97"
"2974, 719, 52"
"2975, 640, 74"
"2976, 1555, 25"
"2977, 1064, 38"
"2978, 1247, 91"
"2979, 757, 60"
"2980, 1754, 32"
"2981, 1348, 86"
"2982, 11, 63"
"2983, 1590, 49"
"2984, 872, 52"
"2985, 1724, 49"
"2986, 185, 99"
"2987, 1449, 89"
"2988, 1830, 93"
"2989, 376, 73"
"2990, 762, 39"
"2991, 1992, 84"
"2992, 1767, 17"
"2993, 1258, 97"
"2994, 1303, 17"
"2995, 1562, 10"
"2996, 50, 93"
"2997, 738, 39"
"2998, 934, 46"
"2999, 961, 64"
"3000, 994, 90"
"3001, 574, 19"
"3002, 701, 5"
"3003, 287, 80"
"3004, 79, 86"
"3005, 1834, 93"
"3006, 1484, 84"
"3007, 629, 65"
"3008, 1192, 48"
"3009, 819, 2"
"3010, 453, 3"
"3011, 91, 67"
"3012, 407, 25"
"3013, 1848, 60"
"3014, 1379, 93"
"3015, 1951, 2"
"3016, 1500, 34"
"3017, 930, 92"
"3018, 1921, 3"
"3019, 1242, 23"
"3020, 1715, 97"
"3021, 1411, 16"
"3022, 1854, 37"
"3023, 1870, 4"
"3024, 777, 84"
"3025, 1730, 22"
"3026, 1212, 63"
"3027, 913, 28"
"3028, 1751, 11"
"3029, 723, 38"
"3030, 852, 90"
"3031, 1697, 27"
"3032, 572, 70"
"3033, 565, 18"
"3034, 1299, 6"
"3035, 1309, 2"
"3036, 1583, 61"
"3037, 289, 34"
"3038, 1877, 80"
"3039, 354, 60"
"3040, 1427, 41"
"3041, 1304, 11"
"3042, 175, 74"
"3043, 100, 72"
"3044, 769, 18"
"3045, 944, 20"
"3046, 247, 28"
"3047, 1600, 86"
"3048, 1093, 64"
"3049, 703, 40"
"3050, 221, 13"
"3051, 864, 5"
"3052, 1244, 44"
"3053, 879, 82"
"3054, 584, 35"
"3055, 350, 11"
"3056, 1544, 17"
"3057, 401, 90"
"3058, 977, 47"
"3059, 1468, 19"
"3060, 841, 26"
"3061, 893, 26"
"3062, 1699, 60"
"3063, 761, 94"
"3064, 1167, 62"
"3065, 1710, 28"
"3066, 1320, 42"
"3067, 1374, 43"
"3068, 650, 67"
"3069, 1081, 57"
"3070, 515, 29"
"3071, 1222, 4"
"3072, 1595, 94"
"3073, 761, 28"
"3074, 988, 74"
"3075, 1040, 58"
"3076, 1492, 78"
"3077, 231, 37"
"3078, 1693, 12"
"3079, 1197, 17"
"3080, 1792, 14"
"3081, 1079, 91"
"3082, 1843, 33"
"3083, 932, 99"
"3084, 600, 88"
"3085, 424, 12"
"3086, 1106, 41"
"3087, 679, 94"
"3088, 1075, 29"
"3089, 1456, 35"
"3090, 1726, 77"
"3091, 1988, 33"
"3092, 441, 15"
"3093, 32, 63"
"3094, 216, 74"
"3095, 1158, 56"
"3096, 1827, 45"
"3097, 1107, 23"
"3098, 870, 57"
"3099, 1403, 93"
"3100, 344, 27"
"3101, 1359, 35"
"3102, 558, 90"
"3103, 1439, 90"
"3104, 860, 93"
"3105, 1107, 60"
"3106, 280, 31"
"3107, 1358, 10"
"3108, 1150, 17"
"3109, 1268, 6"
"3110, 1914, 22"
"3111, 458, 9"
"3112, 1844, 30"
"3113, 369, 27"
"3114, 946, 83"
"3115, 1697, 72"
"3116, 1186, 44"
"3117, 1176, 91"
"3118, 1051, 3"
"3119, 1340, 70"
"3120, 1086, 23"
"3121, 1142, 13"
"3122, 1032, 84"
"3123, 1560, 10"
"3124, 223, 45"
"3125, 730, 87"
"3126, 1983, 48"
"3127, 1595, 39"
"3128, 1621, 2"
"3129, 1241, 85"
"3130, 1585, 78"
"3131, 1996, 7"
"3132, 902, 75"
"3133, 187, 89"
"3134, 155, 35"
"3135, 1076, 30"
"3136, 780, 17"
"3137, 753, 48"
"3138, 315, 67"
"3139, 1573, 14"
"3140, 1925, 90"
"3141, 379, 76"
"3142, 257, 6"
"3143, 1276, 45"
"3144, 237, 82"
"3145, 1366, 93"
"3146, 664, 43"
"3147, 978, 25"
"3148, 626, 13"
"3149, 675, 77"
"3150, 1933, 61"
"3151, 1154, 73"
"3152, 1374, 26"
"3153, 676, 20"
"3154, 1156, 81"
"3155, 1066, 31"
"3156, 201, 12"
"3157, 1345, 73"
"3158, 1071, 64"
"3159, 1272, 1"
"3160, 22, 52"
"3161, 662, 29"
"3162, 44, 93"
"3163, 1114, 53"
"3164, 1135, 32"
"3165, 850, 68"
"3166, 1536, 26"
"3167, 776, 58"
"3168, 54, 11"
"3169, 883, 69"
"3170, 872, 91"
"3171, 1929, 45"
"3172, 97, 85"
"3173, 1141, 19"
"3174, 529, 82"
"3175, 116, 19"
"3176, 1182, 19"
"3177, 269, 23"
"3178, 1532, 66"
"3179, 1495, 79"
"3180, 1753, 74"
"3181, 543, 1"
"3182, 1980, 57"
"3183, 1573, 85"
"3184, 1675, 75"
"3185, 1543, 9"
"3186, 984, 86"
"3187, 658, 16"
"3188, 674, 42"
"3189, 312, 28"
"3190, 781, 89"
"3191, 1859, 88"
"3192, 1490, 48"
"3193, 1772, 33"
"3194, 275, 77"
"3195, 1004, 37"
"3196, 503, 90"
"3197, 779, 36"
"3198, 642, 45"
"3199, 1563, 14"
"3200, 119, 86"
"3201, 1158, 14"
"3202, 48, 44"
"3203, 1092, 75"
"3204, 1204, 22"
"3205, 1720, 60"
"3206, 1935, 85"
"3207, 1872, 7"
"3208, 1939, 93"
"3209, 1704, 25"
"3210, 543, 16"
"3211, 1922, 10"
"3212, 871, 10"
"3213, 516, 85"
"3214, 1502, 90"
"3215, 168, 45"
"3216, 1701, 54"
"3217, 1966, 11"
"3218, 725, 80"
"3219, 480, 63"
"3220, 1126, 20"
"3221, 1569, 37"
"3222, 841, 50"
"3223, 1335, 32"
"3224, 535, 45"
"3225, 396, 67"
"3226, 1619, 66"
"3227, 1135, 55"
"3228, 1617, 82"
"3229, 1178, 58"
"3230, 956, 91"
"3231, 730, 37"
"3232, 1441, 94"
"3233, 1186, 2"
"3234, 1640, 76"
"3235, 1057, 59"
"3236, 994, 31"
"3237, 542, 53"
"3238, 1639, 63"
"3239, 1300, 92"
"3240, 262, 43"
"3241, 251, 19"
"3242, 85, 82"
"3243, 1035, 38"
"3244, 1554, 72"
"3245, 1088, 58"
"3246, 105, 33"
"3247, 608, 72"
"3248, 1968, 75"
"3249, 1159, 57"
"3250, 1247, 18"
"3251, 810, 60"
"3252, 1275, 99"
"3253, 1475, 74"
"3254, 1195, 49"
"3255, 1069, 16"
"3256, 1258, 71"
"3257, 379, 41"
"3258, 799, 88"
"3259, 96, 2"
"3260, 1436, 80"
"3261, 1259, 96"
"3262, 99, 99"
"3263, 759, 56"
"3264, 1428, 26"
"3265, 1037, 53"
"3266, 1431, 92"
"3267, 1099, 47"
"3268, 52, 67"
"3269, 580, 5"
"3270, 294, 16"
"3271, 139, 48"
"3272, 1102, 10"
"3273, 860, 3"
"3274, 48, 25"
"3275, 1577, 49"
"3276, 171, 38"
"3277, 647, 63"
"3278, 1823, 79"
"3279, 828, 72"
"3280, 1305, 26"
"3281, 175, 84"
"3282, 1957, 4"
"3283, 45, 14"
"3284, 942, 27"
"3285, 1338, 47"
"3286, 1789, 35"
"3287, 765, 63"
"3288, 1661, 94"
"3289, 420, 7"
"3290, 510, 34"
"3291, 1408, 35"
"3292, 652, 49"
"3293, 1270, 85"
"3294, 918, 21"
"3295, 1732, 82"
"3296, 1967, 76"
"3297, 1971, 8"
"3298, 1237, 46"
"3299, 920, 60"
"3300, 1490, 73"
"3301, 6, 44"
"3302, 1933, 99"
"3303, 1498, 67"
"3304, 1325, 16"
"3305, 1201, 99"
"3306, 231, 75"
"3307, 108, 96"
"3308, 207, 67"
"3309, 1082, 69"
"3310, 1225, 56"
"3311, 1750, 64"
"3312, 1987, 41"
"3313, 222, 75"
"3314, 376, 94"
"3315, 1726, 60"
"3316, 1914, 48"
"3317, 1445, 94"
"3318, 1615, 28"
"3319, 369, 1"
"3320, 168, 22"
"3321, 1778, 23"
"3322, 235, 91"
"3323, 473, 81"
"3324, 1994, 53"
"3325, 1912, 33"
"3326, 1118, 75"
"3327, 1878, 92"
"3328, 597, 61"
"3329, 1769, 91"
"3330, 447, 64"
"3331, 142, 11"
"3332, 551, 5"
"3333, 1504, 58"
"3334, 400, 62"
"3335, 1727, 35"
"3336, 1081, 80"
"3337, 1483, 32"
"3338, 967, 97"
"3339, 1167, 21"
"3340, 1184, 45"
"3341, 1739, 96"
"3342, 999, 86"
"3343, 993, 80"
"3344, 722, 51"
"3345, 1595, 54"
"3346, 1777, 69"
"3347, 1494, 14"
"3348, 1069, 44"
"3349, 483, 40"
"3350, 1684, 86"
"3351, 1897, 58"
"3352, 811, 33"
"3353, 1629, 56"
"3354, 468, 21"
"3355, 1413, 95"
"3356, 368, 14"
"3357, 1891, 89"
"3358, 947, 15"
"3359, 500, 38"
"3360, 790, 70"
"3361, 282, 36"
"3362, 674, 56"
"3363, 415, 76"
"3364, 1400, 88"
"3365, 1883, 58"
"3366, 45, 54"
"3367, 1910, 65"
"3368, 1622, 3"
"3369, 1178, 47"
"3370, 725, 73"
"3371, 387, 43"
"3372, 1815, 54"
"3373, 428, 6"
"3374, 1601, 87"
"3375, 199, 5"
"3376, 818, 63"
"3377, 1401, 29"
"3378, 1510, 46"
"3379, 1144, 47"
"3380, 1204, 21"
"3381, 455, 91"
"3382, 812, 30"
"3383, 824, 25"
"3384, 721, 99"
"3385, 29, 39"
"3386, 1975, 71"
"3387, 1204, 73"
"3388, 476, 15"
"3389, 668, 66"
"3390, 8, 65"
"3391, 1782, 7"
"3392, 1938, 84"
"3393, 231, 48"
"3394, 618, 39"
"3395, 1735, 26"
"3396, 1769, 49"
"3397, 656, 10"
"3398, 1631, 55"
"3399, 850, 67"
"3400, 14, 81"
"3401, 169, 14"
"3402, 1401, 71"
"3403, 1835, 98"
"3404, 94, 10"
"3405, 1903, 41"
"3406, 1739, 41"
"3407, 1847, 64"
"3408, 1838, 95"
"3409, 1588, 85"
"3410, 1533, 35"
"3411, 694, 57"
"3412, 756, 61"
"3413, 1287, 90"
"3414, 1337, 4"
"3415, 354, 43"
"3416, 354, 16"
"3417, 519, 77"
"3418, 1269, 73"
"3419, 971, 7"
"3420, 1928, 48"
"3421, 969, 84"
"3422, 208, 9"
"3423, 612, 46"
"3424, 1119, 35"
"3425, 1357, 31"
"3426, 1832, 26"
"3427, 1805, 79"
"3428, 635, 75"
"3429, 97, 6"
"3430, 1571, 82"
"3431, 1374, 88"
"3432, 1396, 84"
"3433, 441, 39"
"3434, 1609, 36"
"3435, 1795, 17"
"3436, 1262, 37"
"3437, 131, 10"
"3438, 834, 88"
"3439, 1625, 66"
"3440, 888, 67"
"3441, 1204, 34"
"3442, 1766, 70"
"3443, 1331, 52"
"3444, 181, 8"
"3445, 706, 14"
"3446, 456, 9"
"3447, 145, 77"
"3448, 84, 6"
"3449, 1774, 3"
"3450, 839, 52"
"3451, 1587, 95"
"3452, 1537, 28"
"3453, 354, 97"
"3454, 1526, 15"
"3455, 1342, 24"
"3456, 1816, 11"
"3457, 410, 47"
"3458, 108, 75"
"3459, 1094, 44"
"3460, 1971, 26"
"3461, 1367, 96"
"3462, 998, 36"
"3463, 650, 80"
"3464, 1029, 80"
"3465, 193, 58"
"3466, 430, 44"
"3467, 1299, 60"
"3468, 733, 5"
"3469, 1944, 26"
"3470, 609, 97"
"3471, 196, 93"
"3472, 1442, 33"
"3473, 1903, 98"
"3474, 1735, 53"
"3475, 370, 99"
"3476, 635, 9"
"3477, 1957, 23"
"3478, 899, 63"
"3479, 1471, 5"
"3480, 1394, 71"
"3481, 1235, 84"
"3482, 1513, 15"
"3483, 164, 12"
"3484, 1672, 42"
"3485, 989, 51"
"3486, 1344, 27"
"3487, 874, 47"
"3488, 578, 26"
"3489, 324, 47"
"3490, 641, 72"
"3491, 1309, 73"
"3492, 1326, 13"
"3493, 1395, 56"
"3494, 1968, 85"
"3495, 1089, 34"
"3496, 1585, 5"
"3497, 852, 64"
"3498, 1812, 15"
"3499, 864, 5"
"3500, 1746, 97"
"3501, 1843, 98"
"3502, 669, 66"
"3503, 537, 44"
"3504, 1597, 64"
"3505, 1086, 67"
"3506, 822, 88"
"3507, 1453, 26"
"3508, 733, 15"
"3509, 424, 66"
"3510, 653, 28"
"3511, 831, 69"
"3512, 440, 93"
"3513, 1794, 85"
"3514, 19, 70"
"3515, 1946, 1"
"3516, 1601, 59"
"3517, 171, 99"
"3518, 1836, 88"
"3519, 1944, 30"
"3520, 779, 25"
"3521, 1029, 26"
"3522, 311, 73"
"3523, 1491, 3"
"3524, 458, 4"
"3525, 1601, 17"
"3526, 1580, 24"
"3527, 1918, 56"
"3528, 90, 90"
"3529, 1643, 84"
"3530, 1356, 42"
"3531, 140, 82"
"3532, 515, 53"
"3533, 904, 62"
"3534, 904, 86"
"3535, 747, 20"
"3536, 1576, 97"
"3537, 228, 78"
"3538, 1009, 29"
"3539, 326, 64"
"3540, 927, 15"
"3541, 312, 25"
"3542, 1104, 78"
"3543, 593, 97"
"3544, 123, 72"
"3545, 612, 62"
"3546, 1796, 8"
"3547, 285, 47"
"3548, 806, 81"
"3549, 768, 61"
"3550, 478, 37"
"3551, 1681, 96"
"3552, 530, 52"
"3553, 1667, 53"
"3554, 1953, 89"
"3555, 1381, 10"
"3556, 1386, 6"
"3557, 538, 31"
"3558, 1347, 62"
"3559, 1125, 92"
"3560, 175, 37"
"3561, 1711, 23"
"3562, 1603, 13"
"3563, 1315, 55"
"3564, 1294, 37"
"3565, 902, 74"
"3566, 101, 44"
"3567, 638, 70"
"3568, 1449, 7"
"3569, 1205, 68"
"3570, 170, 5"
"3571, 152, 46"
"3572, 1005, 24"
"3573, 671, 14"
"3574, 167, 18"
"3575, 901, 33"
"3576, 692, 35"
"3577, 474, 26"
"3578, 1961, 27"
"3579, 1487, 76"
"3580, 1285, 47"
"3581, 1083, 38"
"3582, 1747, 25"
"3583, 1783, 68"
"3584, 1259, 49"
"3585, 505, 34"
"3586, 1315, 30"
"3587, 694, 45"
"3588, 1485, 67"
"3589, 1215, 15"
"3590, 1921, 70"
"3591, 1541, 20"
"3592, 56, 30"
"3593, 164, 29"
"3594, 295, 57"
"3595, 92, 59"
"3596, 268, 78"
"3597, 1608, 45"
"3598, 1461, 80"
"3599, 993, 83"
"3600, 1386, 48"
"3601, 1584, 70"
"3602, 1338, 77"
"3603, 96, 55"
"3604, 1290, 45"
"3605, 820, 37"
"3606, 443, 57"
"3607, 1727, 56"
"3608, 1224, 74"
"3609, 1716, 52"
"3610, 1156, 4"
"3611, 1832, 27"
"3612, 1690, 92"
"3613, 403, 71"
"3614, 891, 10"
"3615, 1746, 57"
"3616, 512, 33"
"3617, 338, 33"
"3618, 430, 88"
"3619, 1299, 96"
"3620, 861, 56"
"3621, 418, 13"
"3622, 1794, 74"
"3623, 495, 58"
"3624, 1751, 25"
"3625, 793, 38"
"3626, 1898, 41"
"3627, 131, 83"
"3628, 17, 46"
"3629, 235, 28"
"3630, 176, 2"
"3631, 1486, 20"
"3632, 45, 48"
"3633, 1832, 49"
"3634, 1767, 61"
"3635, 1831, 16"
"3636, 1536, 40"
"3637, 1260, 81"
"3638, 1962, 28"
"3639, 1958, 27"
"3640, 524, 62"
"3641, 984, 33"
"3642, 1326, 36"
"3643, 1239, 49"
"3644, 953, 49"
"3645, 1447, 59"
"3646, 1019, 87"
"3647, 443, 52"
"3648, 1784, 91"
"3649, 854, 42"
"3650, 126, 88"
"3651, 1396, 18"
"3652, 258, 66"
"3653, 1570, 20"
"3654, 764, 6"
"3655, 561, 57"
"3656, 238, 65"
"3657, 1007, 51"
"3658, 1488, 25"
"3659, 769, 6"
"3660, 154, 73"
"3661, 1917, 60"
"3662, 1758, 39"
"3663, 1128, 17"
"3664, 668, 26"
"3665, 1798, 99"
"3666, 581, 78"
"3667, 1159, 51"
"3668, 805, 84"
"3669, 359, 71"
"3670, 1533, 57"
"3671, 1975, 96"
"3672, 231, 85"
"3673, 1464, 80"
"3674, 610, 99"
"3675, 1313, 68"
"3676, 1316, 5"
"3677, 1115, 27"
"3678, 1546, 69"
"3679, 239, 18"
"3680, 74, 56"
"3681, 1514, 2"
"3682, 1706, 62"
"3683, 1234, 94"
"3684, 1479, 3"
"3685, 732, 60"
"3686, 1818, 94"
"3687, 100, 31"
"3688, 1564, 57"
"3689, 1885, 60"
"3690, 934, 64"
"3691, 501, 75"
"3692, 608, 51"
"3693, 1686, 45"
"3694, 950, 50"
"3695, 853, 15"
"3696, 1776, 95"
"3697, 667, 95"
"3698, 1150, 88"
"3699, 1177, 73"
"3700, 1321, 55"
"3701, 4, 67"
"3702, 1858, 87"
"3703, 1993, 51"
"3704, 315, 45"
"3705, 1044, 92"
"3706, 5, 93"
"3707, 203, 96"
"3708, 850, 4"
"3709, 184, 18"
"3710, 36, 26"
"3711, 1397, 71"
"3712, 818, 4"
"3713, 878, 58"
"3714, 495, 4"
"3715, 1735, 75"
"3716, 621, 75"
"3717, 787, 18"
"3718, 1783, 10"
"3719, 1051, 19"
"3720, 823, 89"
"3721, 1996, 39"
"3722, 1972, 64"
"3723, 1880, 54"
"3724, 1734, 42"
"3725, 201, 96"
"3726, 795, 79"
"3727, 999, 57"
"3728, 446, 95"
"3729, 759, 72"
"3730, 1643, 34"
"3731, 1452, 27"
"3732, 1821, 72"
"3733, 1470, 17"
"3734, 437, 46"
"3735, 1752, 24"
"3736, 1295, 10"
"3737, 1728, 50"
"3738, 1517, 99"
"3739, 1457, 86"
"3740, 1662, 3"
"3741, 503, 78"
"3742, 182, 56"
"3743, 1370, 91"
"3744, 480, 28"
"3745, 80, 99"
"3746, 916, 43"
"3747, 1263, 35"
"3748, 1012, 90"
"3749, 39, 2"
"3750, 1663, 63"
"3751, 652, 32"
"3752, 1517, 12"
"3753, 342, 68"
"3754, 1358, 72"
"3755, 1964, 95"
"3756, 121, 77"
"3757, 1052, 16"
"3758, 439, 68"
"3759, 938, 28"
"3760, 1966, 72"
"3761, 314, 81"
"3762, 371, 71"
"3763, 1649, 97"
"3764, 1798, 97"
"3765, 114, 51"
"3766, 1563, 62"
"3767, 1601, 43"
"3768, 914, 19"
"3769, 323, 79"
"3770, 1787, 24"
"3771, 1927, 49"
"3772, 1165, 79"
"3773, 323, 60"
"3774, 255, 36"
"3775, 166, 89"
"3776, 530, 42"
"3777, 1631, 17"
"3778, 928, 92"
"3779, 1570, 97"
"3780, 1491, 48"
"3781, 1364, 83"
"3782, 905, 54"
"3783, 264, 19"
"3784, 500, 55"
"3785, 1288, 21"
"3786, 675, 40"
"3787, 1886, 79"
"3788, 1884, 67"
"3789, 950, 43"
"3790, 1824, 15"
"3791, 26, 44"
"3792, 302, 19"
"3793, 176, 78"
"3794, 1361, 24"
"3795, 1949, 46"
"3796, 24, 68"
"3797, 1979, 41"
"3798, 1759, 48"
"3799, 1368, 36"
"3800, 1105, 21"
"3801, 1104, 53"
"3802, 982, 61"
"3803, 1725, 8"
"3804, 1463, 85"
"3805, 82, 85"
"3806, 121, 81"
"3807, 682, 22"
"3808, 915, 40"
"3809, 1718, 15"
"3810, 2, 44"
"3811, 1304, 15"
"3812, 747, 22"
"3813, 572, 55"
"3814, 194, 55"
"3815, 1621, 3"
"3816, 157, 13"
"3817, 400, 86"
"3818, 967, 22"
"3819, 775, 95"
"3820, 1659, 98"
"3821, 135, 35"
"3822, 1719, 73"
"3823, 1246, 93"
"3824, 711, 64"
"3825, 1755, 69"
"3826, 820, 1"
"3827, 1713, 19"
"3828, 264, 97"
"3829, 1748, 91"
"3830, 1400, 6"
"3831, 414, 87"
"3832, 1847, 72"
"3833, 1614, 54"
"3834, 1679, 38"
"3835, 948, 5"
"3836, 1658, 47"
"3837, 626, 53"
"3838, 1160, 5"
"3839, 958, 61"
"3840, 1008, 16"
"3841, 1966, 95"
"3842, 437, 92"
"3843, 997, 82"
"3844, 337, 72"
"3845, 1721, 72"
"3846, 1041, 69"
"3847, 1132, 49"
"3848, 450, 52"
"3849, 626, 62"
"3850, 1220, 24"
"3851, 142, 82"
"3852, 638, 58"
"3853, 1964, 7"
"3854, 1746, 25"
"3855, 5, 32"
"3856, 879, 5"
"3857, 687, 3"
"3858, 1523, 59"
"3859, 873, 78"
"3860, 266, 8"
"3861, 171, 95"
"3862, 1022, 10"
"3863, 1460, 36"
"3864, 949, 98"
"3865, 82, 72"
"3866, 579, 66"
"3867, 671, 68"
"3868, 130, 22"
"3869, 469, 14"
"3870, 1591, 76"
"3871, 1697, 3"
"3872, 332, 16"
"3873, 619, 70"
"3874, 528, 37"
"3875, 1685, 15"
"3876, 1847, 13"
"3877, 442, 21"
"3878, 1624, 22"
"3879, 1088, 5"
"3880, 368, 94"
"3881, 805, 75"
"3882, 1952, 7"
"3883, 550, 11"
"3884, 594, 4"
"3885, 1778, 16"
"3886, 1589, 73"
"3887, 584, 13"
"3888, 870, 87"
"3889, 1820, 15"
"3890, 241, 24"
"3891, 1482, 16"
"3892, 580, 35"
"3893, 1262, 37"
"3894, 1632, 17"
"3895, 1756, 29"
"3896, 1161, 80"
"3897, 388, 74"
"3898, 564, 94"
"3899, 1074, 18"
"3900, 1796, 11"
"3901, 688, 71"
"3902, 1577, 75"
"3903, 1258, 34"
"3904, 103, 52"
"3905, 1715, 25"
"3906, 912, 16"
"3907, 856, 63"
"3908, 1312, 30"
"3909, 1089, 37"
"3910, 1042, 97"
"3911, 784, 78"
"3912, 485, 41"
"3913, 886, 78"
"3914, 957, 42"
"3915, 1474, 15"
"3916, 1105, 10"
"3917, 1890, 5"
"3918, 1696, 11"
"3919, 1541, 93"
"3920, 1215, 58"
"3921, 1552, 27"
"3922, 1606, 45"
"3923, 284, 93"
"3924, 573, 57"
"3925, 482, 33"
"3926, 196, 50"
"3927, 1578, 29"
"3928, 557, 3"
"3929, 601, 95"
"3930, 1308, 61"
"3931, 670, 28"
"3932, 1588, 2"
"3933, 1217, 54"
"3934, 1947, 61"
"3935, 288, 59"
"3936, 1217, 69"
"3937, 864, 43"
"3938, 631, 95"
"3939, 1883, 93"
"3940, 1047, 49"
"3941, 376, 92"
"3942, 625, 54"
"3943, 762, 48"
"3944, 1664, 47"
"3945, 1839, 56"
"3946, 1633, 4"
"3947, 638, 81"
"3948, 400, 38"
"3949, 1412, 86"
"3950, 1596, 20"
"3951, 1711, 60"
"3952, 1909, 35"
"3953, 367, 78"
"3954, 1839, 14"
"3955, 1159, 35"
"3956, 444, 1"
"3957, 896, 38"
"3958, 977, 4"
"3959, 793, 68"
"3960, 1048, 64"
"3961, 547, 8"
"3962, 227, 48"
"3963, 1972, 27"
"3964, 668, 86"
"3965, 705, 18"
"3966, 47, 7"
"3967, 1896, 52"
"3968, 1121, 46"
"3969, 1526, 79"
"3970, 367, 8"
"3971, 1092, 4"
"3972, 1175, 51"
"3973, 1634, 21"
"3974, 723, 46"
"3975, 972, 65"
"3976, 665, 35"
"3977, 1401, 38"
"3978, 1840, 34"
"3979, 841, 78"
"3980, 1607, 66"
"3981, 1843, 82"
"3982, 1926, 41"
"3983, 197, 29"
"3984, 1241, 50"
"3985, 1905, 38"
"3986, 1950, 31"
"3987, 510, 82"
"3988, 51, 70"
"3989, 681, 97"
"3990, 144, 23"
"3991, 251, 41"
"3992, 1801, 17"
"3993, 1589, 14"
"3994, 407, 30"
"3995, 1841, 72"
"3996, 569, 4"
"3997, 1848, 18"
"3998, 1425, 87"
"3999, 1033, 80"
"4000, 1952, 63"