"1, 2019-4-12, 19:01:11, 1, 1000"
"2, 1985-12-28, 18:07:56, 2, 999"
"3, 2003-3-12, 08:19:36, 3, 998"
"4, 2014-3-31, 22:57:12, 4, 997"
"5, 2020-4-28, 03:20:04, 5, 996"
"6, 1993-2-19, 23:45:01, 6, 995"
"7, 2007-12-5, 00:40:19, 7, 994"
"8, 1992-3-26, 05:48:48, 8, 993"
"9, 1990-1-4, 16:45:38, 9, 992"
"10, 1999-1-19, 09:49:30, 10, 991"
"11, 2016-8-30, 08:48:03, 11, 990"
"12, 2011-1-23, 19:11:22, 12, 989"
"13, 2002-6-23, 05:26:16, 13, 988"
"14, 2020-1-4, 02:34:54, 14, 987"
"15, 2016-7-29, 14:12:44, 15, 986"
"16, 2012-7-2, 23:13:38, 16, 985"
"17, 2010-12-1, 13:52:03, 17, 984"
"18, 2001-2-28, 03:04:33, 18, 983"
"19, 1982-12-17, 13:33:39, 19, 982"
"20, 1990-10-21, 02:50:25, 20, 981"
"21, 1997-4-4, 05:02:12, 21, 980"
"22, 1982-1-3, 02:35:11, 22, 979"
"23, 2008-9-28, 23:21:57, 23, 978"
"24, 1995-2-18, 14:43:54, 24, 977"
"25, 2003-6-21, 15:56:44, 25, 976"
"26, 2017-5-25, 01:46:06, 26, 975"
"27, 1999-3-3, 16:32:56, 27, 974"
"28, 1981-10-18, 09:02:25, 28, 973"
"29, 2012-9-24, 18:01:02, 29, 972"
"30, 1993-9-28, 05:09:54, 30, 971"
"31, 2014-11-27, 08:56:53, 31, 970"
"32, 2009-3-3, 14:26:25, 32, 969"
"33, 1988-8-4, 03:49:56, 33, 968"
"34, 1986-5-5, 07:29:39, 34, 967"
"35, 2003-1-15, 05:57:19, 35, 966"
"36, 2018-3-15, 07:22:27, 36, 965"
"37, 2010-12-2, 12:05:32, 37, 964"
"38, 2013-12-15, 11:26:11, 38, 963"
"39, 2012-8-17, 08:00:44, 39, 962"
"40, 2011-12-7, 01:41:30, 40, 961"
"41, 1982-5-22, 18:17:51, 41, 960"
"42, 1986-2-5, 00:38:53, 42, 959"
"43, 2012-11-15, 04:49:43, 43, 958"
"44, 2008-6-16, 21:15:34, 44, 957"
"45, 2015-8-3, 11:36:24, 45, 956"
"46, 2000-8-20, 10:35:14, 46, 955"
"47, 2016-1-27, 01:49:20, 47, 954"
"48, 1999-2-26, 19:16:18, 48, 953"
"49, 2000-3-5, 20:10:48, 49, 952"
"50, 1999-9-1, 17:09:39, 50, 951"
"51, 1981-10-28, 04:06:22, 51, 950"
"52, 2016-3-22, 16:12:02, 52, 949"
"53, 1981-8-11, 20:02:37, 53, 948"
"54, 2004-10-16, 09:43:43, 54, 947"
"55, 2001-4-1, 23:11:32, 55, 946"
"56, 1996-10-25, 05:58:48, 56, 945"
"57, 1989-4-28, 04:14:55, 57, 944"
"58, 2017-3-20, 04:15:41, 58, 943"
"59, 2007-2-23, 06:00:21, 59, 942"
"60, 1990-4-14, 01:36:41, 60, 941"
"61, 1994-6-8, 08:19:22, 61, 940"
"62, 2018-5-1, 11:04:43, 62, 939"
"63, 2015-5-21, 07:12:41, 63, 938"
"64, 1993-4-23, 16:38:22, 64, 937"
"65, 1988-5-24, 12:42:55, 65, 936"
"66, 2000-9-14, 23:25:01, 66, 935"
"67, 1991-11-22, 02:44:41, 67, 934"
"68, 2004-1-6, 07:17:30, 68, 933"
"69, 1989-1-24, 11:35:52, 69, 932"
"70, 2008-8-2, 15:33:11, 70, 931"
"71, 2007-1-25, 01:52:59, 71, 930"
"72, 1995-4-12, 01:53:30, 72, 929"
"73, 2008-2-27, 20:54:18, 73, 928"
"74, 1985-6-3, 05:22:27, 74, 927"
"75, 2001-7-16, 00:27:39, 75, 926"
"76, 1996-10-22, 21:13:55, 76, 925"
"77, 2010-2-19, 11:24:22, 77, 924"
"78, 2019-12-14, 11:22:21, 78, 923"
"79, 2006-6-29, 04:40:11, 79, 922"
"80, 1994-10-10, 23:28:44, 80, 921"
"81, 1989-11-4, 17:03:20, 81, 920"
"82, 1998-11-15, 06:08:07, 82, 919"
"83, 1980-1-24, 11:02:23, 83, 918"
"84, 1981-1-9, 18:04:24, 84, 917"
"85, 2013-7-26, 06:28:56, 85, 916"
"86, 1986-3-3, 17:07:43, 86, 915"
"87, 2005-6-24, 04:31:51, 87, 914"
"88, 2003-2-21, 05:07:42, 88, 913"
"89, 1991-4-13, 14:55:11, 89, 912"
"90, 2002-7-24, 09:55:20, 90, 911"
"91, 1990-12-19, 17:24:06, 91, 910"
"92, 1990-12-9, 04:45:30, 92, 909"
"93, 1984-4-1, 22:11:04, 93, 908"
"94, 2017-9-20, 22:39:42, 94, 907"
"95, 2006-8-17, 13:21:50, 95, 906"
"96, 2017-2-19, 05:44:31, 96, 905"
"97, 1983-4-19, 01:31:19, 97, 904"
"98, 2009-2-21, 10:10:44, 98, 903"
"99, 2004-9-22, 19:07:26, 99, 902"
"100, 2018-3-19, 03:48:22, 100, 901"
"101, 1996-4-28, 15:26:21, 8, 900"
"102, 1982-11-12, 13:26:32, 75, 899"
"103, 2011-3-9, 17:38:37, 10, 898"
"104, 1995-11-3, 17:12:04, 73, 897"
"105, 1989-12-24, 19:04:34, 97, 896"
"106, 1983-6-14, 07:08:07, 20, 895"
"107, 1992-3-8, 05:03:51, 2, 894"
"108, 2005-4-26, 02:58:02, 63, 893"
"109, 2015-7-8, 02:51:53, 92, 892"
"110, 2016-10-24, 22:53:03, 96, 891"
"111, 2001-2-12, 13:40:51, 15, 890"
"112, 2009-10-23, 13:59:04, 29, 889"
"113, 1988-3-24, 01:57:21, 57, 888"
"114, 1989-12-7, 06:57:57, 11, 887"
"115, 1996-5-27, 06:06:19, 74, 886"
"116, 1995-7-11, 19:00:31, 78, 885"
"117, 2012-1-16, 06:21:15, 52, 884"
"118, 2001-7-1, 07:32:12, 24, 883"
"119, 1996-11-1, 15:11:09, 53, 882"
"120, 2013-12-14, 10:12:03, 28, 881"
"121, 2014-2-14, 01:43:17, 25, 880"
"122, 2017-12-7, 18:44:28, 29, 879"
"123, 2019-6-12, 13:20:26, 55, 878"
"124, 2006-11-12, 08:52:50, 74, 877"
"125, 1982-7-30, 02:52:26, 31, 876"
"126, 2010-7-3, 04:22:29, 60, 875"
"127, 2017-2-25, 11:21:51, 83, 874"
"128, 2017-9-18, 19:30:56, 6, 873"
"129, 2009-8-14, 20:18:45, 84, 872"
"130, 2006-5-7, 21:24:48, 77, 871"
"131, 1985-8-2, 02:48:51, 31, 870"
"132, 1992-8-5, 14:51:50, 96, 869"
"133, 1991-10-15, 19:11:04, 46, 868"
"134, 2004-8-14, 04:53:20, 21, 867"
"135, 2006-11-26, 09:42:16, 95, 866"
"136, 2011-12-15, 12:12:31, 97, 865"
"137, 1994-1-23, 23:51:35, 28, 864"
"138, 1987-3-12, 18:21:44, 18, 863"
"139, 1986-6-26, 08:42:43, 6, 862"
"140, 2006-8-31, 02:52:35, 64, 861"
"141, 2002-12-13, 11:15:32, 83, 860"
"142, 1980-7-4, 16:45:08, 55, 859"
"143, 2012-10-12, 09:59:55, 30, 858"
"144, 2002-2-24, 05:00:01, 31, 857"
"145, 1996-12-27, 22:39:03, 55, 856"
"146, 1989-7-16, 10:01:06, 80, 855"
"147, 2007-10-15, 08:54:47, 18, 854"
"148, 2007-9-16, 05:11:33, 27, 853"
"149, 1981-2-6, 20:16:09, 6, 852"
"150, 2001-1-6, 10:11:02, 58, 851"
"151, 2015-11-1, 16:09:52, 22, 850"
"152, 2004-4-5, 23:56:47, 23, 849"
"153, 2013-10-19, 18:11:18, 73, 848"
"154, 2011-4-20, 08:44:09, 1, 847"
"155, 2019-9-7, 11:18:50, 24, 846"
"156, 1990-1-8, 13:31:43, 39, 845"
"157, 2012-4-9, 00:22:52, 89, 844"
"158, 2000-8-10, 18:40:25, 95, 843"
"159, 2011-3-8, 14:17:54, 74, 842"
"160, 1987-12-14, 07:24:17, 41, 841"
"161, 2010-9-7, 13:25:38, 64, 840"
"162, 2011-6-10, 09:15:43, 22, 839"
"163, 1982-11-18, 01:13:05, 48, 838"
"164, 2006-1-10, 19:41:11, 49, 837"
"165, 2018-4-27, 21:44:21, 40, 836"
"166, 1991-6-9, 09:18:02, 75, 835"
"167, 1983-5-31, 16:55:11, 67, 834"
"168, 2013-6-27, 19:49:35, 34, 833"
"169, 2003-6-1, 03:07:58, 81, 832"
"170, 1997-1-10, 18:10:11, 27, 831"
"171, 1983-7-18, 11:18:18, 19, 830"
"172, 2011-10-18, 21:43:31, 81, 829"
"173, 2008-10-4, 07:49:18, 30, 828"
"174, 2013-7-13, 19:48:31, 30, 827"
"175, 2008-3-1, 11:59:22, 63, 826"
"176, 2014-11-28, 13:36:18, 7, 825"
"177, 2003-6-4, 05:52:57, 1, 824"
"178, 2011-9-4, 11:15:49, 91, 823"
"179, 2002-8-29, 05:24:29, 97, 822"
"180, 1982-1-8, 19:20:38, 56, 821"
"181, 2008-3-21, 07:36:57, 3, 820"
"182, 1994-8-11, 22:29:18, 6, 819"
"183, 2011-5-29, 21:11:29, 27, 818"
"184, 1994-12-26, 08:34:06, 22, 817"
"185, 2011-9-18, 17:48:26, 68, 816"
"186, 1981-11-20, 14:35:33, 31, 815"
"187, 2012-5-10, 05:37:14, 58, 814"
"188, 2012-1-6, 13:48:44, 14, 813"
"189, 2006-12-9, 12:52:36, 29, 812"
"190, 1994-1-20, 15:59:41, 7, 811"
"191, 2010-12-2, 15:13:51, 3, 810"
"192, 1993-5-20, 21:50:30, 65, 809"
"193, 2002-2-1, 06:22:50, 50, 808"
"194, 2018-9-27, 01:52:00, 29, 807"
"195, 1991-8-28, 16:25:08, 94, 806"
"196, 1988-3-19, 13:21:16, 44, 805"
"197, 2012-11-2, 08:02:16, 90, 804"
"198, 2010-6-17, 16:33:29, 47, 803"
"199, 2018-6-14, 04:09:36, 38, 802"
"200, 2003-8-12, 03:00:19, 40, 801"
"201, 1987-2-28, 04:45:43, 76, 800"
"202, 1989-6-20, 16:31:12, 77, 799"
"203, 2018-3-5, 10:19:38, 94, 798"
"204, 1980-9-7, 19:02:06, 77, 797"
"205, 2017-8-22, 04:36:31, 67, 796"
"206, 1991-5-18, 06:39:24, 61, 795"
"207, 1995-1-22, 07:28:20, 62, 794"
"208, 1995-3-24, 02:28:23, 22, 793"
"209, 1990-9-30, 11:45:05, 46, 792"
"210, 2013-6-7, 08:56:23, 98, 791"
"211, 2014-3-27, 10:56:35, 23, 790"
"212, 2008-2-16, 03:28:05, 47, 789"
"213, 1989-8-3, 05:07:28, 16, 788"
"214, 1989-8-13, 10:15:30, 71, 787"
"215, 1999-3-4, 16:56:16, 15, 786"
"216, 1983-10-3, 07:19:00, 47, 785"
"217, 1987-1-8, 15:21:28, 64, 784"
"218, 1989-12-15, 07:24:21, 78, 783"
"219, 2000-12-24, 03:33:47, 93, 782"
"220, 1994-11-21, 05:55:04, 78, 781"
"221, 1999-3-16, 14:24:00, 36, 780"
"222, 1984-9-28, 23:31:55, 10, 779"
"223, 2014-10-29, 08:48:40, 56, 778"
"224, 2001-12-5, 04:42:29, 81, 777"
"225, 1992-12-24, 04:44:18, 96, 776"
"226, 2013-7-17, 05:47:32, 85, 775"
"227, 1996-11-17, 10:09:14, 21, 774"
"228, 2017-6-28, 22:43:15, 62, 773"
"229, 1989-8-12, 19:14:14, 99, 772"
"230, 2015-2-26, 17:45:04, 85, 771"
"231, 1999-8-2, 17:55:19, 41, 770"
"232, 1994-8-11, 03:08:06, 73, 769"
"233, 1989-10-16, 05:48:33, 97, 768"
"234, 2018-12-19, 18:34:16, 49, 767"
"235, 2009-3-4, 06:55:08, 95, 766"
"236, 1996-2-17, 02:48:29, 74, 765"
"237, 2001-12-18, 13:44:39, 30, 764"
"238, 1987-4-24, 01:23:41, 36, 763"
"239, 2015-8-28, 02:36:02, 55, 762"
"240, 1981-1-8, 13:27:50, 99, 761"
"241, 2012-5-18, 18:35:48, 17, 760"
"242, 1994-10-7, 07:50:02, 89, 759"
"243, 2010-10-17, 01:18:04, 75, 758"
"244, 1991-9-18, 02:13:18, 79, 757"
"245, 1988-5-19, 06:15:03, 35, 756"
"246, 2014-8-2, 05:18:29, 70, 755"
"247, 1987-9-19, 12:06:24, 7, 754"
"248, 2015-9-11, 23:59:21, 26, 753"
"249, 1990-11-15, 18:20:06, 83, 752"
"250, 1988-8-2, 17:39:01, 95, 751"
"251, 2003-3-20, 15:53:28, 5, 750"
"252, 2016-11-23, 03:57:29, 35, 749"
"253, 2017-12-28, 09:39:50, 11, 748"
"254, 2007-4-4, 15:23:43, 42, 747"
"255, 2002-11-24, 18:20:49, 88, 746"
"256, 2016-9-15, 05:57:16, 5, 745"
"257, 1981-5-13, 18:21:50, 26, 744"
"258, 1995-11-28, 10:28:58, 57, 743"
"259, 2013-9-17, 02:03:59, 68, 742"
"260, 1983-8-4, 10:16:29, 76, 741"
"261, 2019-7-17, 03:28:48, 45, 740"
"262, 1995-2-7, 06:22:30, 72, 739"
"263, 2019-7-1, 16:47:57, 95, 738"
"264, 1995-8-20, 16:05:24, 86, 737"
"265, 2006-6-19, 19:50:13, 34, 736"
"266, 1997-9-5, 01:02:32, 83, 735"
"267, 1990-8-13, 08:26:21, 37, 734"
"268, 2008-7-10, 21:05:41, 61, 733"
"269, 1998-1-17, 02:02:55, 45, 732"
"270, 2009-2-27, 12:25:16, 84, 731"
"271, 1995-11-3, 03:27:10, 54, 730"
"272, 1999-10-14, 01:40:58, 65, 729"
"273, 1996-3-18, 09:16:08, 74, 728"
"274, 2019-4-17, 21:19:13, 6, 727"
"275, 2002-12-18, 23:41:44, 94, 726"
"276, 2000-4-7, 22:02:47, 64, 725"
"277, 1996-1-12, 16:31:18, 99, 724"
"278, 1982-1-26, 10:01:28, 17, 723"
"279, 2009-11-19, 20:13:17, 25, 722"
"280, 1998-3-9, 04:38:49, 51, 721"
"281, 1985-9-29, 19:00:46, 78, 720"
"282, 1998-6-15, 20:42:49, 91, 719"
"283, 1983-2-12, 16:48:24, 85, 718"
"284, 2013-4-10, 09:11:21, 87, 717"
"285, 1996-10-27, 08:55:24, 58, 716"
"286, 2010-8-9, 00:24:55, 50, 715"
"287, 2014-12-17, 05:35:04, 55, 714"
"288, 1981-10-15, 13:15:07, 84, 713"
"289, 2005-5-8, 17:49:26, 11, 712"
"290, 1998-6-12, 20:54:36, 84, 711"
"291, 2006-10-21, 16:32:04, 14, 710"
"292, 2010-6-10, 13:39:51, 67, 709"
"293, 2020-6-2, 05:25:48, 1, 708"
"294, 1992-10-8, 19:30:43, 18, 707"
"295, 1987-4-5, 23:14:03, 27, 706"
"296, 1991-7-1, 11:46:32, 59, 705"
"297, 1990-4-12, 02:54:04, 2, 704"
"298, 2002-4-2, 21:11:49, 18, 703"
"299, 1999-2-17, 02:52:06, 7, 702"
"300, 2015-8-27, 06:32:36, 66, 701"
"301, 2001-6-2, 09:02:24, 77, 700"
"302, 1985-1-27, 07:39:59, 96, 699"
"303, 1981-6-13, 19:11:47, 68, 698"
"304, 2007-5-18, 14:59:30, 71, 697"
"305, 1987-11-25, 10:15:51, 33, 696"
"306, 1998-1-18, 06:43:23, 44, 695"
"307, 2017-12-26, 12:38:27, 26, 694"
"308, 2007-11-3, 21:56:20, 38, 693"
"309, 2018-7-9, 00:46:45, 18, 692"
"310, 1987-5-26, 19:00:21, 89, 691"
"311, 2015-1-18, 03:00:30, 66, 690"
"312, 2008-8-29, 05:50:13, 35, 689"
"313, 2013-9-6, 08:55:20, 51, 688"
"314, 2012-8-12, 04:22:27, 87, 687"
"315, 2001-6-13, 21:20:56, 17, 686"
"316, 2002-1-13, 15:02:31, 45, 685"
"317, 1982-1-28, 15:10:11, 23, 684"
"318, 1986-1-14, 05:07:09, 95, 683"
"319, 1994-12-10, 19:25:48, 23, 682"
"320, 2003-12-30, 22:27:35, 65, 681"
"321, 2017-6-17, 22:12:54, 31, 680"
"322, 1995-2-1, 20:08:38, 13, 679"
"323, 2012-7-28, 01:24:54, 62, 678"
"324, 1994-12-4, 04:05:04, 51, 677"
"325, 1999-3-27, 19:41:24, 75, 676"
"326, 1998-4-21, 04:06:34, 21, 675"
"327, 1983-8-13, 09:03:34, 5, 674"
"328, 2001-6-16, 02:57:12, 20, 673"
"329, 2011-7-19, 14:35:50, 70, 672"
"330, 2008-8-4, 18:02:01, 88, 671"
"331, 1995-3-5, 13:42:32, 38, 670"
"332, 2004-6-15, 06:23:07, 28, 669"
"333, 1990-2-18, 11:51:30, 44, 668"
"334, 1982-5-3, 10:38:01, 31, 667"
"335, 1981-7-25, 16:57:53, 28, 666"
"336, 1993-10-12, 22:44:26, 11, 665"
"337, 1985-2-24, 13:38:40, 85, 664"
"338, 1988-4-19, 21:29:12, 25, 663"
"339, 2016-1-6, 17:56:57, 66, 662"
"340, 1989-11-8, 18:47:41, 92, 661"
"341, 1988-8-29, 02:31:43, 69, 660"
"342, 2009-6-23, 12:39:32, 68, 659"
"343, 1985-5-25, 11:27:57, 3, 658"
"344, 1985-5-25, 22:04:11, 98, 657"
"345, 1989-8-6, 02:45:13, 14, 656"
"346, 2015-4-17, 18:59:33, 65, 655"
"347, 1986-12-8, 07:37:56, 68, 654"
"348, 2017-9-28, 14:23:25, 59, 653"
"349, 2013-4-14, 20:53:30, 10, 652"
"350, 1999-10-21, 23:48:29, 66, 651"
"351, 1988-2-26, 07:42:22, 56, 650"
"352, 2008-9-6, 13:26:57, 81, 649"
"353, 2004-11-23, 19:36:10, 1, 648"
"354, 1993-11-11, 02:11:38, 27, 647"
"355, 1984-6-20, 14:01:36, 60, 646"
"356, 1988-9-10, 06:33:32, 7, 645"
"357, 2019-6-11, 09:57:32, 10, 644"
"358, 1984-4-20, 17:06:28, 32, 643"
"359, 2019-4-10, 11:02:22, 54, 642"
"360, 1985-12-26, 09:17:29, 14, 641"
"361, 2013-2-6, 00:33:53, 90, 640"
"362, 1993-9-4, 08:13:53, 66, 639"
"363, 1982-4-29, 18:55:23, 32, 638"
"364, 2014-10-26, 01:06:05, 9, 637"
"365, 1980-1-10, 21:00:49, 89, 636"
"366, 1985-2-16, 10:33:16, 51, 635"
"367, 2010-10-17, 07:36:29, 35, 634"
"368, 2000-11-23, 17:37:29, 27, 633"
"369, 1987-12-24, 01:08:23, 56, 632"
"370, 2014-4-22, 17:34:12, 37, 631"
"371, 2011-5-19, 18:25:43, 72, 630"
"372, 1989-11-14, 01:04:39, 87, 629"
"373, 2014-5-17, 15:40:37, 95, 628"
"374, 2014-7-17, 06:31:45, 75, 627"
"375, 2016-3-20, 21:18:12, 50, 626"
"376, 2000-4-7, 20:17:50, 57, 625"
"377, 1991-7-18, 14:09:54, 3, 624"
"378, 2005-8-22, 06:46:22, 24, 623"
"379, 2008-7-30, 02:46:40, 71, 622"
"380, 2015-4-23, 18:20:09, 74, 621"
"381, 2001-5-29, 19:32:29, 21, 620"
"382, 2004-12-15, 01:52:07, 82, 619"
"383, 1986-7-27, 17:10:59, 42, 618"
"384, 2010-6-30, 09:36:43, 95, 617"
"385, 1995-10-28, 07:32:28, 61, 616"
"386, 1980-9-13, 08:50:26, 9, 615"
"387, 1987-4-13, 06:26:39, 24, 614"
"388, 2019-11-27, 18:51:05, 15, 613"
"389, 1995-4-3, 06:19:10, 85, 612"
"390, 1997-8-5, 08:32:55, 66, 611"
"391, 2004-3-2, 16:39:26, 81, 610"
"392, 2018-7-26, 16:41:51, 40, 609"
"393, 1983-7-17, 18:16:57, 14, 608"
"394, 2002-4-20, 23:57:23, 33, 607"
"395, 2009-7-21, 20:45:15, 29, 606"
"396, 1994-5-11, 12:35:50, 18, 605"
"397, 1981-12-30, 21:00:59, 5, 604"
"398, 2004-4-19, 16:11:33, 48, 603"
"399, 2005-7-24, 06:35:06, 28, 602"
"400, 1985-5-1, 10:14:33, 8, 601"
"401, 1993-1-11, 22:57:21, 72, 600"
"402, 2013-2-6, 22:31:44, 33, 599"
"403, 1990-11-20, 17:55:20, 49, 598"
"404, 2016-5-12, 12:20:24, 68, 597"
"405, 2019-12-22, 05:40:59, 78, 596"
"406, 2013-12-18, 03:25:02, 82, 595"
"407, 1999-3-3, 04:58:04, 58, 594"
"408, 1993-7-18, 01:17:40, 32, 593"
"409, 2011-1-3, 14:47:08, 27, 592"
"410, 2015-7-20, 01:50:11, 9, 591"
"411, 2004-11-22, 02:16:55, 15, 590"
"412, 2013-9-28, 20:28:24, 18, 589"
"413, 2010-2-13, 00:45:25, 11, 588"
"414, 1990-2-9, 21:51:05, 32, 587"
"415, 2004-2-12, 20:48:44, 11, 586"
"416, 2005-3-8, 08:01:11, 68, 585"
"417, 2018-8-29, 20:13:39, 66, 584"
"418, 1984-3-13, 22:27:28, 35, 583"
"419, 2003-5-26, 22:25:57, 26, 582"
"420, 1994-1-20, 13:20:07, 73, 581"
"421, 2016-11-24, 05:14:53, 86, 580"
"422, 1980-1-13, 08:34:32, 48, 579"
"423, 1983-10-2, 08:54:51, 66, 578"
"424, 2000-6-16, 09:42:29, 56, 577"
"425, 1985-7-20, 05:36:37, 4, 576"
"426, 2002-11-16, 16:00:39, 8, 575"
"427, 2010-7-4, 22:25:49, 50, 574"
"428, 1987-3-11, 15:22:15, 82, 573"
"429, 1996-4-24, 07:51:30, 36, 572"
"430, 2011-3-4, 11:49:06, 82, 571"
"431, 1992-5-12, 10:51:12, 49, 570"
"432, 2000-2-28, 03:28:54, 57, 569"
"433, 1998-10-21, 05:29:30, 59, 568"
"434, 2008-4-12, 00:26:21, 23, 567"
"435, 2001-2-2, 11:07:03, 36, 566"
"436, 1988-7-6, 07:34:38, 82, 565"
"437, 1981-6-11, 14:04:57, 89, 564"
"438, 2008-1-9, 10:56:07, 98, 563"
"439, 1981-7-28, 08:38:36, 38, 562"
"440, 1995-9-7, 01:15:14, 62, 561"
"441, 2007-3-4, 22:38:10, 85, 560"
"442, 2014-5-29, 16:07:42, 58, 559"
"443, 2017-3-25, 21:45:50, 43, 558"
"444, 1994-12-18, 04:57:11, 98, 557"
"445, 1985-1-31, 14:55:22, 36, 556"
"446, 1996-3-23, 03:41:03, 89, 555"
"447, 2008-12-13, 20:22:53, 6, 554"
"448, 1996-5-9, 13:58:40, 83, 553"
"449, 2019-5-6, 22:53:33, 17, 552"
"450, 2013-5-25, 04:52:23, 51, 551"
"451, 2013-2-8, 10:45:20, 87, 550"
"452, 1999-9-14, 11:41:24, 44, 549"
"453, 1989-12-7, 14:12:17, 81, 548"
"454, 1997-4-7, 02:10:36, 71, 547"
"455, 2018-4-15, 07:57:02, 53, 546"
"456, 1989-6-29, 12:21:28, 31, 545"
"457, 2006-2-23, 21:00:57, 70, 544"
"458, 1988-3-21, 15:45:43, 25, 543"
"459, 2009-10-18, 06:43:09, 64, 542"
"460, 1989-9-20, 15:31:14, 22, 541"
"461, 1984-11-10, 10:35:07, 18, 540"
"462, 2001-4-24, 21:15:28, 23, 539"
"463, 2004-1-28, 19:51:02, 56, 538"
"464, 2014-9-24, 21:08:51, 77, 537"
"465, 2003-12-30, 19:07:20, 70, 536"
"466, 2017-10-14, 12:47:22, 8, 535"
"467, 1987-7-24, 22:06:01, 44, 534"
"468, 1994-12-25, 07:12:09, 95, 533"
"469, 2013-9-19, 07:20:43, 48, 532"
"470, 2009-9-4, 12:06:33, 57, 531"
"471, 2010-9-9, 19:32:55, 50, 530"
"472, 1988-2-1, 01:53:14, 43, 529"
"473, 2016-3-20, 17:01:17, 8, 528"
"474, 2009-11-21, 12:25:57, 27, 527"
"475, 2000-1-10, 00:46:34, 51, 526"
"476, 2006-7-28, 15:02:57, 55, 525"
"477, 1983-3-29, 03:17:32, 36, 524"
"478, 1981-5-30, 23:39:01, 56, 523"
"479, 1988-9-24, 13:52:51, 30, 522"
"480, 2014-4-13, 22:27:12, 87, 521"
"481, 1991-8-16, 10:20:02, 86, 520"
"482, 2000-7-27, 11:16:25, 19, 519"
"483, 1993-11-4, 16:48:20, 1, 518"
"484, 1998-4-24, 06:08:05, 68, 517"
"485, 1997-7-2, 00:21:26, 53, 516"
"486, 2010-7-8, 21:19:43, 16, 515"
"487, 1988-2-7, 13:48:57, 55, 514"
"488, 1987-11-5, 04:09:47, 79, 513"
"489, 1994-12-25, 04:58:28, 61, 512"
"490, 2003-4-25, 16:45:57, 40, 511"
"491, 1997-4-9, 12:07:24, 48, 510"
"492, 2013-6-7, 04:33:23, 69, 509"
"493, 1985-6-12, 01:37:28, 99, 508"
"494, 2017-4-21, 05:30:08, 16, 507"
"495, 2003-3-23, 22:25:19, 28, 506"
"496, 2014-6-5, 19:51:24, 21, 505"
"497, 2009-9-28, 00:21:13, 11, 504"
"498, 1992-9-2, 17:29:48, 1, 503"
"499, 1989-3-13, 20:55:45, 99, 502"
"500, 1991-9-15, 21:57:50, 20, 501"
"501, 2010-12-19, 21:38:15, 36, 500"
"502, 2018-5-13, 16:24:16, 65, 499"
"503, 2010-12-30, 05:28:33, 23, 498"
"504, 2009-11-21, 21:41:23, 69, 497"
"505, 1997-8-3, 21:05:10, 68, 496"
"506, 1984-9-27, 00:29:29, 10, 495"
"507, 2014-2-10, 06:07:50, 92, 494"
"508, 1980-8-11, 15:36:17, 9, 493"
"509, 1981-1-28, 23:03:21, 4, 492"
"510, 1995-9-7, 18:18:40, 5, 491"
"511, 2007-12-1, 13:20:50, 41, 490"
"512, 2018-8-29, 22:16:27, 77, 489"
"513, 2008-5-4, 05:50:47, 5, 488"
"514, 2018-1-4, 02:22:57, 27, 487"
"515, 2002-7-10, 16:55:50, 97, 486"
"516, 2018-12-22, 07:37:16, 20, 485"
"517, 1982-8-14, 20:00:59, 65, 484"
"518, 1985-5-17, 02:24:16, 72, 483"
"519, 1996-11-22, 13:26:44, 7, 482"
"520, 2001-10-26, 14:58:56, 55, 481"
"521, 1981-8-16, 09:22:57, 97, 480"
"522, 2000-2-7, 20:57:09, 94, 479"
"523, 2016-4-20, 20:15:31, 60, 478"
"524, 1989-8-24, 04:40:27, 84, 477"
"525, 1996-1-25, 12:46:29, 10, 476"
"526, 2007-7-16, 21:48:12, 21, 475"
"527, 2000-4-5, 11:24:57, 81, 474"
"528, 1988-6-15, 19:07:43, 31, 473"
"529, 1984-11-25, 08:11:07, 20, 472"
"530, 1998-11-27, 23:37:24, 19, 471"
"531, 1993-6-23, 23:31:20, 39, 470"
"532, 1989-8-28, 23:43:51, 31, 469"
"533, 2001-11-17, 11:13:11, 27, 468"
"534, 2009-10-8, 18:41:25, 40, 467"
"535, 1988-6-24, 09:23:41, 7, 466"
"536, 2010-10-5, 19:30:06, 94, 465"
"537, 1997-4-16, 18:30:11, 22, 464"
"538, 2005-7-21, 06:04:33, 69, 463"
"539, 1991-12-19, 14:22:34, 78, 462"
"540, 1998-5-21, 17:11:10, 47, 461"
"541, 1998-12-3, 00:02:09, 77, 460"
"542, 2010-10-4, 06:32:50, 30, 459"
"543, 1997-1-13, 23:38:57, 43, 458"
"544, 1997-5-28, 16:24:19, 45, 457"
"545, 1987-9-13, 16:49:39, 28, 456"
"546, 1990-10-17, 18:46:23, 73, 455"
"547, 2019-10-8, 20:00:07, 31, 454"
"548, 2008-3-29, 11:10:01, 13, 453"
"549, 1986-6-17, 11:48:34, 39, 452"
"550, 1990-7-27, 12:25:13, 19, 451"
"551, 2004-1-2, 09:22:24, 53, 450"
"552, 1982-8-18, 14:31:45, 88, 449"
"553, 2007-10-26, 08:45:34, 66, 448"
"554, 1981-4-11, 07:33:46, 17, 447"
"555, 1998-1-22, 15:33:05, 3, 446"
"556, 1982-4-30, 07:47:23, 49, 445"
"557, 2013-3-15, 05:35:01, 88, 444"
"558, 2008-1-2, 07:08:40, 4, 443"
"559, 2019-11-9, 03:46:37, 35, 442"
"560, 1983-8-17, 06:53:44, 89, 441"
"561, 2018-5-9, 06:58:29, 45, 440"
"562, 1995-2-18, 20:18:36, 29, 439"
"563, 2002-10-3, 02:17:07, 12, 438"
"564, 1993-8-20, 21:52:59, 83, 437"
"565, 2002-12-9, 21:15:31, 77, 436"
"566, 1987-8-10, 07:44:18, 41, 435"
"567, 1992-11-26, 02:56:43, 76, 434"
"568, 1997-8-28, 21:55:41, 3, 433"
"569, 1986-2-22, 00:51:16, 6, 432"
"570, 1996-7-17, 10:22:04, 39, 431"
"571, 2017-1-12, 07:16:54, 98, 430"
"572, 1989-3-19, 01:43:01, 40, 429"
"573, 2009-3-25, 09:00:09, 44, 428"
"574, 2013-10-28, 07:08:41, 1, 427"
"575, 2005-12-16, 14:43:39, 8, 426"
"576, 1993-6-2, 06:58:06, 23, 425"
"577, 2014-7-29, 09:23:53, 71, 424"
"578, 1981-8-3, 08:13:31, 34, 423"
"579, 1985-3-29, 14:25:30, 87, 422"
"580, 1982-11-12, 07:46:43, 62, 421"
"581, 1993-8-22, 00:53:16, 7, 420"
"582, 2015-10-2, 18:47:50, 17, 419"
"583, 1994-9-10, 06:12:56, 94, 418"
"584, 2008-3-5, 13:44:00, 23, 417"
"585, 1995-10-18, 10:25:42, 36, 416"
"586, 1980-1-12, 04:31:19, 76, 415"
"587, 2011-10-20, 04:15:26, 9, 414"
"588, 1980-11-5, 01:07:53, 23, 413"
"589, 1995-2-1, 14:22:52, 84, 412"
"590, 2006-1-15, 16:54:07, 83, 411"
"591, 2018-3-5, 21:48:10, 58, 410"
"592, 2007-2-22, 04:42:06, 23, 409"
"593, 2010-4-7, 19:22:17, 66, 408"
"594, 1982-6-20, 01:10:25, 82, 407"
"595, 2004-7-19, 22:32:03, 34, 406"
"596, 2020-1-19, 09:50:54, 40, 405"
"597, 2004-9-16, 11:52:47, 18, 404"
"598, 2016-5-31, 20:33:57, 66, 403"
"599, 1994-2-5, 20:18:39, 82, 402"
"600, 2015-8-15, 22:52:30, 92, 401"
"601, 1981-2-4, 22:50:04, 86, 400"
"602, 2006-5-9, 10:04:46, 36, 399"
"603, 2008-12-14, 20:54:41, 27, 398"
"604, 1992-3-17, 03:02:19, 80, 397"
"605, 1997-11-1, 19:44:04, 39, 396"
"606, 1994-5-3, 22:40:22, 36, 395"
"607, 1987-3-18, 22:21:23, 95, 394"
"608, 1999-5-22, 16:12:54, 2, 393"
"609, 1982-10-2, 00:49:39, 19, 392"
"610, 1986-5-26, 17:42:53, 53, 391"
"611, 2005-11-12, 10:11:09, 32, 390"
"612, 1999-8-9, 10:04:31, 93, 389"
"613, 2008-6-28, 04:02:22, 56, 388"
"614, 1998-4-13, 19:11:09, 43, 387"
"615, 2017-6-6, 20:28:58, 54, 386"
"616, 1985-10-31, 16:53:16, 75, 385"
"617, 1995-7-16, 02:05:59, 55, 384"
"618, 2005-11-17, 17:08:38, 66, 383"
"619, 2014-2-27, 11:03:39, 4, 382"
"620, 1990-10-8, 10:56:23, 80, 381"
"621, 1983-12-29, 18:45:05, 4, 380"
"622, 1996-2-24, 04:02:02, 35, 379"
"623, 2006-2-25, 10:44:14, 47, 378"
"624, 2015-5-14, 14:26:28, 29, 377"
"625, 1986-5-19, 06:13:31, 8, 376"
"626, 2015-4-8, 16:57:41, 4, 375"
"627, 2012-10-17, 08:27:56, 41, 374"
"628, 2005-9-15, 07:11:34, 89, 373"
"629, 1986-2-10, 20:35:47, 19, 372"
"630, 1992-4-24, 20:49:49, 35, 371"
"631, 2008-3-27, 13:41:05, 28, 370"
"632, 2007-7-23, 03:08:00, 80, 369"
"633, 2009-6-26, 11:59:20, 47, 368"
"634, 1986-10-19, 06:24:24, 71, 367"
"635, 1996-11-22, 15:20:52, 49, 366"
"636, 2016-2-2, 01:28:48, 43, 365"
"637, 1983-4-8, 02:02:03, 82, 364"
"638, 2001-10-11, 22:39:04, 64, 363"
"639, 2017-3-21, 10:56:10, 26, 362"
"640, 1981-7-22, 01:59:29, 70, 361"
"641, 1990-4-3, 21:34:50, 1, 360"
"642, 1988-5-20, 18:23:38, 74, 359"
"643, 1989-3-6, 18:47:15, 82, 358"
"644, 1983-12-31, 20:17:56, 4, 357"
"645, 1980-5-5, 08:51:39, 46, 356"
"646, 2003-12-27, 15:50:33, 57, 355"
"647, 1985-3-4, 07:57:13, 1, 354"
"648, 1988-3-26, 05:12:32, 95, 353"
"649, 1990-1-22, 01:32:23, 65, 352"
"650, 2016-5-29, 22:34:19, 52, 351"
"651, 1981-5-22, 16:27:45, 14, 350"
"652, 2020-8-22, 07:51:36, 26, 349"
"653, 1984-7-9, 05:41:28, 19, 348"
"654, 2008-10-3, 21:55:53, 63, 347"
"655, 2010-10-12, 19:54:46, 26, 346"
"656, 2001-8-10, 03:08:47, 68, 345"
"657, 1982-4-21, 01:48:36, 14, 344"
"658, 1989-12-3, 13:28:07, 55, 343"
"659, 1984-2-29, 07:32:37, 16, 342"
"660, 2018-7-27, 23:18:22, 77, 341"
"661, 1990-9-14, 08:39:10, 50, 340"
"662, 1989-10-21, 10:30:25, 63, 339"
"663, 2016-2-16, 18:56:51, 94, 338"
"664, 1994-1-5, 21:09:27, 4, 337"
"665, 1985-4-28, 08:46:43, 23, 336"
"666, 2014-9-7, 01:45:21, 32, 335"
"667, 2010-10-20, 14:34:00, 76, 334"
"668, 1984-12-2, 21:28:05, 72, 333"
"669, 1996-1-4, 21:26:47, 89, 332"
"670, 2007-6-20, 16:51:24, 11, 331"
"671, 2005-8-12, 06:44:32, 10, 330"
"672, 1982-7-1, 17:49:53, 92, 329"
"673, 1989-7-29, 18:46:59, 60, 328"
"674, 1981-8-11, 03:13:30, 63, 327"
"675, 2012-7-16, 16:59:27, 11, 326"
"676, 1986-2-24, 06:02:16, 72, 325"
"677, 2004-10-22, 01:10:15, 33, 324"
"678, 1999-12-29, 17:11:27, 89, 323"
"679, 1997-8-19, 13:36:52, 4, 322"
"680, 2003-1-13, 21:33:55, 61, 321"
"681, 2009-9-8, 17:25:05, 91, 320"
"682, 1991-1-29, 17:20:29, 46, 319"
"683, 1984-9-10, 00:01:01, 25, 318"
"684, 1981-10-5, 11:22:10, 89, 317"
"685, 2007-11-9, 15:39:40, 45, 316"
"686, 2003-1-3, 18:48:24, 9, 315"
"687, 1992-5-25, 04:41:35, 54, 314"
"688, 1990-11-30, 11:20:40, 50, 313"
"689, 2004-10-7, 03:03:06, 17, 312"
"690, 1981-8-20, 08:38:22, 75, 311"
"691, 1983-4-22, 01:48:38, 82, 310"
"692, 2010-7-27, 09:21:38, 18, 309"
"693, 2002-12-21, 03:50:49, 18, 308"
"694, 2002-7-20, 12:34:20, 11, 307"
"695, 2006-6-23, 03:39:46, 19, 306"
"696, 1982-12-15, 03:09:47, 58, 305"
"697, 1994-7-31, 08:21:10, 97, 304"
"698, 1990-7-26, 01:20:36, 85, 303"
"699, 1995-9-11, 15:43:05, 79, 302"
"700, 1993-12-5, 18:13:50, 4, 301"
"701, 1988-10-15, 15:37:05, 31, 300"
"702, 2009-4-25, 21:42:39, 79, 299"
"703, 2015-7-2, 07:17:46, 62, 298"
"704, 2020-12-2, 00:48:58, 30, 297"
"705, 1980-1-5, 08:08:22, 58, 296"
"706, 1990-11-6, 20:18:57, 78, 295"
"707, 1998-6-23, 17:53:22, 75, 294"
"708, 2011-6-29, 20:26:57, 23, 293"
"709, 2000-1-25, 07:27:49, 47, 292"
"710, 2008-6-12, 18:15:17, 78, 291"
"711, 1981-8-3, 04:26:16, 46, 290"
"712, 1986-9-19, 13:49:36, 48, 289"
"713, 2015-5-10, 01:11:35, 47, 288"
"714, 1983-12-23, 13:44:15, 42, 287"
"715, 1992-6-24, 07:01:24, 2, 286"
"716, 1990-12-18, 03:38:56, 81, 285"
"717, 1989-2-2, 14:09:01, 79, 284"
"718, 2016-7-12, 07:05:36, 33, 283"
"719, 2013-12-14, 13:54:13, 51, 282"
"720, 2010-11-3, 10:44:36, 16, 281"
"721, 1988-12-4, 04:33:27, 36, 280"
"722, 1989-3-10, 04:23:52, 80, 279"
"723, 1982-3-3, 15:53:46, 98, 278"
"724, 1989-5-11, 06:21:21, 35, 277"
"725, 1996-8-10, 10:16:55, 90, 276"
"726, 2002-2-24, 20:31:00, 6, 275"
"727, 2014-3-10, 04:15:57, 89, 274"
"728, 2015-7-28, 11:53:32, 27, 273"
"729, 2015-6-20, 10:44:01, 24, 272"
"730, 1986-7-13, 16:58:34, 64, 271"
"731, 2013-12-9, 12:03:30, 10, 270"
"732, 2013-4-6, 16:57:41, 5, 269"
"733, 2002-11-8, 08:48:37, 62, 268"
"734, 2006-8-14, 19:37:38, 44, 267"
"735, 1994-9-29, 19:23:37, 72, 266"
"736, 1990-6-4, 21:50:17, 97, 265"
"737, 2018-11-24, 06:15:51, 94, 264"
"738, 2012-5-9, 03:23:12, 34, 263"
"739, 1998-11-30, 09:53:35, 77, 262"
"740, 1989-8-7, 12:09:49, 40, 261"
"741, 1995-2-18, 06:20:06, 93, 260"
"742, 2000-5-2, 15:11:51, 28, 259"
"743, 2012-2-22, 05:19:51, 39, 258"
"744, 2007-5-10, 21:42:50, 72, 257"
"745, 1981-11-15, 00:56:42, 19, 256"
"746, 1983-8-23, 15:11:05, 75, 255"
"747, 1992-8-23, 15:00:10, 56, 254"
"748, 1987-5-30, 23:58:26, 45, 253"
"749, 1996-6-15, 05:50:55, 85, 252"
"750, 2019-3-28, 13:46:20, 51, 251"
"751, 1990-4-21, 10:05:12, 42, 250"
"752, 1999-3-25, 22:46:46, 90, 249"
"753, 2004-8-19, 05:41:49, 5, 248"
"754, 1995-9-30, 12:14:31, 30, 247"
"755, 1981-4-1, 13:21:08, 13, 246"
"756, 2005-2-10, 00:35:08, 71, 245"
"757, 2014-10-11, 17:39:17, 18, 244"
"758, 2003-11-29, 02:58:30, 68, 243"
"759, 2006-8-18, 19:35:00, 5, 242"
"760, 2002-1-8, 12:10:21, 36, 241"
"761, 1999-9-17, 21:34:14, 24, 240"
"762, 2018-12-27, 10:16:28, 38, 239"
"763, 2008-7-12, 11:23:57, 48, 238"
"764, 1990-10-11, 19:46:50, 30, 237"
"765, 2006-4-8, 23:13:49, 6, 236"
"766, 1987-11-4, 21:30:53, 55, 235"
"767, 2005-4-6, 18:41:12, 47, 234"
"768, 2008-4-16, 08:05:27, 65, 233"
"769, 2009-12-5, 19:40:38, 69, 232"
"770, 1997-8-23, 17:47:50, 2, 231"
"771, 1994-7-2, 14:00:10, 47, 230"
"772, 2003-12-10, 18:41:37, 26, 229"
"773, 2006-2-25, 19:24:01, 4, 228"
"774, 1996-4-1, 19:57:23, 95, 227"
"775, 1996-1-2, 07:38:01, 45, 226"
"776, 1991-5-27, 13:05:30, 70, 225"
"777, 2015-3-18, 13:01:59, 79, 224"
"778, 1981-10-21, 09:28:26, 46, 223"
"779, 1992-11-7, 11:58:22, 67, 222"
"780, 2002-5-10, 00:59:12, 69, 221"
"781, 1982-8-24, 02:23:08, 43, 220"
"782, 1980-2-2, 06:33:05, 19, 219"
"783, 1985-6-23, 07:39:27, 16, 218"
"784, 1984-12-31, 06:39:04, 49, 217"
"785, 2018-9-22, 07:32:15, 17, 216"
"786, 1985-8-17, 15:03:53, 83, 215"
"787, 2015-11-21, 03:15:23, 1, 214"
"788, 2009-4-16, 13:48:02, 34, 213"
"789, 2007-6-3, 11:46:23, 19, 212"
"790, 2001-9-1, 18:03:52, 5, 211"
"791, 1998-12-5, 23:32:42, 61, 210"
"792, 2018-3-30, 14:54:29, 15, 209"
"793, 1992-11-4, 21:54:51, 99, 208"
"794, 1996-6-11, 03:47:13, 3, 207"
"795, 2002-5-18, 09:41:27, 29, 206"
"796, 1991-10-31, 13:49:58, 30, 205"
"797, 2018-3-1, 21:34:47, 5, 204"
"798, 1985-5-27, 13:31:17, 39, 203"
"799, 1994-4-11, 18:04:00, 6, 202"
"800, 1989-4-9, 13:39:47, 80, 201"
"801, 1994-5-26, 16:48:03, 27, 200"
"802, 1992-4-9, 20:23:37, 21, 199"
"803, 2018-11-4, 07:12:03, 72, 198"
"804, 1989-9-5, 23:10:14, 22, 197"
"805, 2000-9-4, 18:42:53, 98, 196"
"806, 2012-3-8, 16:03:00, 23, 195"
"807, 1989-10-11, 22:58:12, 61, 194"
"808, 2016-6-19, 09:12:54, 77, 193"
"809, 2002-10-9, 11:20:17, 54, 192"
"810, 1989-3-9, 18:49:16, 82, 191"
"811, 1982-10-29, 10:16:28, 70, 190"
"812, 2009-12-9, 09:17:20, 74, 189"
"813, 1989-1-28, 08:57:15, 73, 188"
"814, 2005-11-20, 09:00:54, 86, 187"
"815, 1998-12-20, 21:52:53, 99, 186"
"816, 1982-12-4, 15:27:58, 50, 185"
"817, 2009-4-18, 06:31:23, 91, 184"
"818, 2010-1-28, 12:00:24, 3, 183"
"819, 1984-7-23, 12:12:45, 94, 182"
"820, 1997-6-12, 02:05:07, 97, 181"
"821, 1997-7-10, 05:17:20, 63, 180"
"822, 1994-7-5, 02:52:12, 75, 179"
"823, 2017-3-30, 07:16:52, 88, 178"
"824, 2003-9-18, 08:12:37, 84, 177"
"825, 2014-6-23, 14:37:12, 24, 176"
"826, 2018-4-14, 04:34:04, 38, 175"
"827, 1981-8-1, 09:26:02, 92, 174"
"828, 2017-1-17, 22:06:00, 56, 173"
"829, 1989-1-20, 22:01:53, 15, 172"
"830, 1983-6-5, 20:36:22, 13, 171"
"831, 1987-8-14, 10:05:40, 60, 170"
"832, 1987-5-12, 10:02:40, 52, 169"
"833, 1993-7-10, 06:31:47, 76, 168"
"834, 2001-8-18, 07:10:22, 45, 167"
"835, 1996-10-30, 19:19:51, 29, 166"
"836, 1997-6-8, 01:51:39, 70, 165"
"837, 2013-12-10, 12:43:17, 9, 164"
"838, 1996-4-16, 21:58:29, 86, 163"
"839, 2001-3-30, 05:04:39, 22, 162"
"840, 2018-2-8, 08:14:56, 29, 161"
"841, 2000-9-11, 15:08:54, 31, 160"
"842, 2018-4-13, 20:11:36, 35, 159"
"843, 2013-8-16, 15:08:28, 70, 158"
"844, 1995-12-20, 13:15:41, 93, 157"
"845, 1993-3-2, 08:12:23, 2, 156"
"846, 2000-1-20, 19:44:48, 97, 155"
"847, 2013-1-11, 13:23:27, 53, 154"
"848, 1984-6-2, 17:26:58, 65, 153"
"849, 2013-12-25, 12:15:40, 67, 152"
"850, 2010-1-22, 07:39:00, 30, 151"
"851, 1987-2-15, 13:01:03, 72, 150"
"852, 1989-12-23, 02:01:56, 62, 149"
"853, 1998-5-24, 12:42:55, 45, 148"
"854, 2006-8-9, 22:54:23, 71, 147"
"855, 1985-1-15, 20:12:21, 23, 146"
"856, 1983-4-5, 11:11:20, 41, 145"
"857, 1984-7-31, 09:48:18, 57, 144"
"858, 1995-7-23, 14:01:58, 79, 143"
"859, 2014-9-22, 01:52:41, 19, 142"
"860, 1991-2-4, 18:01:23, 16, 141"
"861, 2000-2-4, 20:19:59, 86, 140"
"862, 2015-7-26, 10:20:43, 13, 139"
"863, 2015-1-7, 06:28:17, 52, 138"
"864, 1981-7-29, 11:56:23, 56, 137"
"865, 1999-9-7, 06:41:39, 80, 136"
"866, 2002-9-13, 20:03:44, 74, 135"
"867, 1985-11-20, 20:38:27, 71, 134"
"868, 2012-2-1, 07:30:48, 33, 133"
"869, 1995-2-28, 23:12:50, 17, 132"
"870, 2012-9-9, 07:35:41, 89, 131"
"871, 1996-8-19, 16:37:29, 72, 130"
"872, 2011-8-3, 06:30:55, 66, 129"
"873, 2007-2-12, 01:16:27, 34, 128"
"874, 1986-2-20, 12:59:35, 35, 127"
"875, 2002-11-28, 23:33:26, 47, 126"
"876, 2014-9-8, 13:17:21, 9, 125"
"877, 1984-8-17, 16:19:32, 2, 124"
"878, 2010-5-28, 09:33:48, 52, 123"
"879, 1999-12-1, 20:13:51, 78, 122"
"880, 2011-4-22, 09:10:57, 91, 121"
"881, 2004-4-2, 14:41:02, 15, 120"
"882, 1991-1-15, 06:35:37, 49, 119"
"883, 1994-2-20, 05:40:20, 36, 118"
"884, 2009-12-6, 09:57:15, 54, 117"
"885, 2016-12-15, 00:55:32, 29, 116"
"886, 1988-12-17, 09:23:18, 36, 115"
"887, 1997-5-22, 00:52:52, 26, 114"
"888, 2013-10-19, 22:32:38, 63, 113"
"889, 1997-10-11, 04:51:28, 27, 112"
"890, 1993-10-2, 20:54:28, 77, 111"
"891, 2015-2-20, 04:25:07, 96, 110"
"892, 2018-6-29, 05:19:41, 31, 109"
"893, 1985-5-17, 12:11:35, 73, 108"
"894, 1985-10-3, 18:41:33, 16, 107"
"895, 1995-5-8, 18:22:49, 55, 106"
"896, 2014-9-30, 16:55:41, 82, 105"
"897, 1987-9-29, 17:53:25, 20, 104"
"898, 2016-11-14, 06:24:42, 51, 103"
"899, 2019-4-9, 13:07:07, 23, 102"
"900, 2014-7-16, 17:00:10, 52, 101"
"901, 2011-10-13, 15:24:29, 45, 100"
"902, 2020-3-25, 01:59:09, 81, 99"
"903, 2010-12-1, 17:59:02, 55, 98"
"904, 1987-9-10, 23:33:34, 74, 97"
"905, 1998-6-16, 18:48:57, 13, 96"
"906, 2010-2-19, 01:33:44, 87, 95"
"907, 2009-4-3, 09:25:06, 82, 94"
"908, 2015-7-27, 04:59:05, 70, 93"
"909, 2002-9-30, 12:56:21, 77, 92"
"910, 2003-12-8, 18:39:43, 35, 91"
"911, 1988-3-18, 21:34:37, 44, 90"
"912, 1980-8-9, 15:11:15, 71, 89"
"913, 2016-9-3, 07:07:05, 75, 88"
"914, 2010-10-3, 23:58:30, 5, 87"
"915, 2011-2-17, 03:07:11, 77, 86"
"916, 1991-10-7, 20:40:44, 75, 85"
"917, 2012-1-10, 01:19:38, 86, 84"
"918, 1994-3-20, 23:43:02, 6, 83"
"919, 2004-3-25, 03:27:34, 34, 82"
"920, 2000-2-29, 03:09:51, 26, 81"
"921, 2011-8-13, 00:14:03, 43, 80"
"922, 2011-8-2, 23:55:00, 45, 79"
"923, 1981-3-10, 02:48:47, 56, 78"
"924, 2004-5-15, 15:54:11, 46, 77"
"925, 2015-3-11, 07:52:14, 41, 76"
"926, 2009-1-2, 13:36:29, 67, 75"
"927, 2007-12-13, 23:12:26, 45, 74"
"928, 2013-4-17, 06:26:58, 23, 73"
"929, 1990-4-22, 19:50:52, 25, 72"
"930, 2001-9-7, 22:04:57, 36, 71"
"931, 1988-5-3, 19:51:57, 24, 70"
"932, 2004-7-5, 05:55:06, 81, 69"
"933, 1998-10-20, 08:51:03, 64, 68"
"934, 2018-4-12, 18:30:30, 7, 67"
"935, 1999-2-3, 07:45:50, 66, 66"
"936, 2020-6-25, 04:10:51, 91, 65"
"937, 2010-9-15, 17:27:07, 19, 64"
"938, 1996-10-7, 11:16:57, 4, 63"
"939, 2002-5-26, 13:43:35, 59, 62"
"940, 2019-2-3, 03:08:49, 99, 61"
"941, 1985-8-28, 00:54:00, 27, 60"
"942, 2011-8-14, 01:12:04, 74, 59"
"943, 1999-1-26, 13:32:20, 22, 58"
"944, 2006-4-30, 21:06:41, 70, 57"
"945, 1982-3-14, 16:43:22, 10, 56"
"946, 1994-1-6, 06:19:31, 80, 55"
"947, 2001-11-10, 18:12:00, 95, 54"
"948, 1995-2-27, 22:41:13, 26, 53"
"949, 1981-8-1, 08:12:44, 19, 52"
"950, 2011-5-30, 19:18:34, 9, 51"
"951, 2014-9-2, 01:54:53, 68, 50"
"952, 1999-11-2, 10:10:40, 46, 49"
"953, 2002-11-4, 01:49:30, 63, 48"
"954, 2004-10-9, 13:56:57, 13, 47"
"955, 2000-7-26, 23:20:23, 42, 46"
"956, 1998-4-2, 07:21:42, 39, 45"
"957, 2015-5-2, 13:45:50, 86, 44"
"958, 1999-3-4, 22:11:32, 44, 43"
"959, 1980-11-18, 04:10:47, 37, 42"
"960, 2011-12-29, 02:17:07, 2, 41"
"961, 1982-12-29, 12:19:55, 87, 40"
"962, 1997-8-23, 22:11:55, 33, 39"
"963, 1998-11-2, 06:56:40, 75, 38"
"964, 2018-4-23, 01:13:18, 35, 37"
"965, 2011-1-8, 10:02:54, 56, 36"
"966, 1984-6-29, 02:21:40, 95, 35"
"967, 1994-6-7, 16:27:24, 10, 34"
"968, 2004-1-31, 23:10:25, 97, 33"
"969, 2020-9-13, 20:18:20, 93, 32"
"970, 2016-6-3, 15:55:49, 85, 31"
"971, 2016-7-19, 06:11:20, 98, 30"
"972, 2018-7-11, 22:36:04, 60, 29"
"973, 2007-8-15, 01:24:12, 46, 28"
"974, 1989-2-23, 16:20:48, 91, 27"
"975, 2002-7-10, 00:36:00, 52, 26"
"976, 2016-3-27, 02:51:39, 67, 25"
"977, 2018-6-15, 13:36:31, 3, 24"
"978, 2003-6-14, 14:02:22, 71, 23"
"979, 2005-8-21, 20:52:40, 29, 22"
"980, 1992-9-28, 04:15:54, 34, 21"
"981, 1998-1-25, 23:44:42, 71, 20"
"982, 2013-10-10, 01:50:34, 53, 19"
"983, 2014-4-2, 00:03:54, 67, 18"
"984, 1998-10-12, 20:30:32, 7, 17"
"985, 2007-9-14, 06:05:41, 18, 16"
"986, 1986-10-26, 19:55:06, 65, 15"
"987, 2005-7-25, 07:06:07, 68, 14"
"988, 2016-11-3, 23:41:07, 73, 13"
"989, 2007-5-14, 12:35:09, 72, 12"
"990, 1999-9-30, 16:33:45, 80, 11"
"991, 2011-3-19, 23:07:17, 92, 10"
"992, 2009-10-19, 08:06:12, 36, 9"
"993, 2000-9-30, 21:47:48, 37, 8"
"994, 1989-12-21, 16:04:33, 10, 7"
"995, 2014-3-12, 08:44:43, 45, 6"
"996, 1996-8-15, 03:37:07, 26, 5"
"997, 1982-4-29, 02:01:42, 86, 4"
"998, 2016-8-16, 03:43:34, 77, 3"
"999, 1986-10-23, 16:14:05, 52, 2"
"1000, 1996-6-19, 12:28:39, 41, 1"
"1001, 1987-5-30, 06:46:08, 37, 479"
"1002, 2009-3-2, 07:04:44, 77, 283"
"1003, 1994-8-24, 05:04:14, 18, 574"
"1004, 2005-9-15, 22:29:33, 14, 106"
"1005, 1999-4-29, 10:15:03, 39, 599"
"1006, 1997-10-3, 17:21:50, 33, 426"
"1007, 1992-10-2, 10:46:22, 15, 925"
"1008, 2019-8-21, 08:21:51, 64, 777"
"1009, 1982-1-4, 09:49:23, 67, 878"
"1010, 2008-4-30, 03:38:00, 86, 32"
"1011, 1983-7-26, 05:42:01, 71, 775"
"1012, 2003-12-11, 06:16:41, 86, 715"
"1013, 2013-8-25, 04:42:01, 97, 295"
"1014, 1986-7-7, 00:13:53, 80, 237"
"1015, 2007-3-27, 05:55:55, 42, 745"
"1016, 1980-3-7, 18:14:17, 66, 369"
"1017, 2008-3-15, 15:30:05, 83, 830"
"1018, 2008-10-19, 19:45:11, 71, 978"
"1019, 1980-5-6, 05:30:20, 28, 649"
"1020, 2019-10-21, 16:52:19, 17, 560"
"1021, 1992-11-27, 08:44:26, 54, 368"
"1022, 2012-8-25, 04:06:23, 63, 976"
"1023, 2006-4-22, 01:40:48, 28, 410"
"1024, 1998-7-28, 04:36:46, 24, 163"
"1025, 1984-2-6, 07:40:52, 7, 540"
"1026, 2002-6-2, 07:15:15, 52, 633"
"1027, 1982-10-10, 17:39:11, 8, 116"
"1028, 1996-4-14, 17:41:42, 43, 996"
"1029, 2002-12-28, 02:14:29, 17, 778"
"1030, 1991-4-10, 06:15:58, 62, 966"
"1031, 2004-12-15, 12:08:26, 83, 440"
"1032, 1998-3-28, 07:20:29, 49, 237"
"1033, 2016-3-14, 23:57:31, 80, 969"
"1034, 2004-7-9, 10:12:06, 68, 611"
"1035, 1991-8-29, 02:26:01, 81, 390"
"1036, 1986-10-28, 01:32:59, 8, 256"
"1037, 1992-2-21, 16:46:03, 70, 520"
"1038, 1983-12-23, 20:09:42, 19, 611"
"1039, 1997-5-17, 09:30:55, 65, 151"
"1040, 2002-3-2, 13:19:47, 95, 30"
"1041, 1996-9-1, 11:00:32, 38, 282"
"1042, 1996-4-27, 07:45:19, 4, 624"
"1043, 2016-11-7, 17:03:43, 34, 487"
"1044, 2001-9-21, 07:59:08, 42, 153"
"1045, 2017-7-9, 07:29:43, 51, 725"
"1046, 1987-7-29, 16:20:35, 70, 642"
"1047, 1981-11-18, 16:28:22, 31, 815"
"1048, 1981-4-1, 13:06:49, 56, 83"
"1049, 2013-5-29, 02:13:16, 51, 630"
"1050, 1982-2-18, 16:58:01, 24, 472"
"1051, 2000-3-30, 04:20:44, 36, 177"
"1052, 2015-7-20, 07:58:49, 92, 66"
"1053, 1991-11-28, 17:25:15, 70, 58"
"1054, 2015-12-22, 07:08:31, 75, 979"
"1055, 2004-2-3, 11:46:13, 92, 458"
"1056, 2016-11-24, 10:03:00, 20, 329"
"1057, 2019-6-11, 21:05:03, 67, 218"
"1058, 2010-1-6, 15:01:02, 35, 361"
"1059, 1988-3-8, 13:51:40, 89, 700"
"1060, 1981-1-29, 21:25:31, 85, 162"
"1061, 2001-12-12, 16:00:21, 53, 581"
"1062, 1992-9-7, 22:15:58, 5, 386"
"1063, 2002-9-27, 10:00:37, 3, 17"
"1064, 2018-5-28, 23:09:50, 11, 847"
"1065, 1994-2-23, 14:02:33, 59, 83"
"1066, 1981-4-3, 07:43:17, 95, 482"
"1067, 2012-11-8, 11:56:13, 27, 547"
"1068, 2006-3-14, 03:43:53, 81, 491"
"1069, 1997-6-4, 07:30:07, 1, 771"
"1070, 2003-6-8, 19:45:04, 91, 886"
"1071, 1994-9-16, 03:50:54, 33, 35"
"1072, 1992-7-20, 13:30:16, 81, 658"
"1073, 2008-10-1, 07:33:42, 56, 649"
"1074, 1991-4-10, 18:03:05, 77, 690"
"1075, 1985-1-26, 12:35:34, 95, 977"
"1076, 2013-5-13, 06:49:09, 29, 656"
"1077, 2001-3-1, 06:58:03, 9, 379"
"1078, 2007-6-12, 23:06:43, 12, 527"
"1079, 1983-9-29, 17:54:19, 69, 478"
"1080, 1994-12-27, 06:43:50, 7, 61"
"1081, 2011-9-16, 20:47:52, 90, 237"
"1082, 2020-5-15, 19:19:36, 90, 556"
"1083, 1992-1-14, 03:09:19, 46, 397"
"1084, 2000-1-3, 20:18:24, 38, 810"
"1085, 2005-12-13, 04:20:45, 80, 997"
"1086, 1988-10-24, 09:54:02, 96, 310"
"1087, 2013-5-13, 04:07:46, 76, 181"
"1088, 2015-11-10, 21:49:32, 93, 766"
"1089, 2015-5-2, 03:35:51, 37, 803"
"1090, 1990-11-15, 17:05:29, 82, 275"
"1091, 2020-7-16, 14:58:40, 37, 704"
"1092, 1997-6-30, 07:14:17, 96, 675"
"1093, 1990-1-21, 17:19:16, 49, 577"
"1094, 2005-7-12, 21:06:30, 49, 271"
"1095, 2013-6-16, 01:17:23, 61, 552"
"1096, 2008-3-2, 21:52:07, 11, 361"
"1097, 1998-4-14, 02:01:35, 94, 927"
"1098, 2009-2-23, 10:13:36, 9, 379"
"1099, 2015-1-31, 17:30:52, 68, 892"
"1100, 2009-1-23, 05:39:23, 59, 254"
"1101, 2006-10-14, 20:59:14, 48, 489"
"1102, 2002-8-13, 18:44:02, 59, 781"
"1103, 1995-1-30, 06:18:42, 90, 345"
"1104, 2000-6-1, 03:36:20, 27, 262"
"1105, 1992-5-12, 16:30:33, 43, 315"
"1106, 1991-1-3, 02:48:01, 19, 199"
"1107, 2016-6-12, 07:51:29, 70, 426"
"1108, 2019-4-5, 08:35:13, 30, 940"
"1109, 1997-8-21, 00:56:56, 48, 753"
"1110, 1992-12-2, 17:06:31, 87, 171"
"1111, 2005-12-7, 00:36:26, 93, 224"
"1112, 1988-12-29, 19:03:29, 49, 536"
"1113, 1982-2-10, 03:23:18, 57, 835"
"1114, 2016-12-22, 13:58:35, 15, 384"
"1115, 2015-3-22, 23:17:07, 54, 536"
"1116, 1982-5-27, 08:16:01, 58, 883"
"1117, 2017-6-30, 07:09:09, 16, 300"
"1118, 2006-1-2, 09:04:00, 28, 339"
"1119, 2017-1-15, 16:34:55, 97, 972"
"1120, 1999-10-24, 23:35:18, 83, 973"
"1121, 1991-10-1, 00:43:33, 17, 534"
"1122, 1988-12-18, 09:48:49, 58, 539"
"1123, 2010-10-3, 09:19:45, 39, 689"
"1124, 1996-7-10, 21:49:00, 48, 257"
"1125, 1984-5-24, 15:15:35, 78, 529"
"1126, 1980-9-3, 00:29:29, 15, 774"
"1127, 1995-2-8, 03:49:22, 36, 902"
"1128, 2009-9-13, 13:28:47, 84, 691"
"1129, 2010-11-27, 20:00:08, 61, 425"
"1130, 1993-10-14, 19:36:00, 67, 139"
"1131, 1992-1-24, 17:04:14, 97, 438"
"1132, 1980-5-4, 14:46:59, 71, 612"
"1133, 1993-5-17, 18:39:04, 67, 107"
"1134, 1995-8-30, 11:42:12, 58, 984"
"1135, 2006-1-30, 18:33:07, 62, 871"
"1136, 1998-1-19, 10:11:18, 8, 141"
"1137, 1990-9-6, 22:57:43, 58, 619"
"1138, 1994-1-30, 12:56:16, 75, 944"
"1139, 1998-2-24, 21:34:26, 90, 200"
"1140, 2017-9-12, 01:08:48, 22, 116"
"1141, 2002-11-15, 17:05:03, 48, 158"
"1142, 1984-11-23, 23:13:52, 8, 572"
"1143, 1980-5-29, 18:21:04, 26, 708"
"1144, 2011-3-20, 22:42:58, 84, 259"
"1145, 2013-7-9, 17:27:09, 31, 144"
"1146, 1989-2-7, 00:48:47, 10, 933"
"1147, 1983-4-21, 20:54:12, 52, 433"
"1148, 1999-1-22, 22:23:10, 88, 771"
"1149, 1993-3-12, 22:39:16, 56, 504"
"1150, 1991-12-4, 06:08:20, 18, 733"
"1151, 2014-6-18, 08:08:37, 41, 989"
"1152, 2004-3-4, 06:30:49, 47, 499"
"1153, 1994-5-26, 08:01:27, 3, 48"
"1154, 2020-11-22, 02:57:18, 46, 898"
"1155, 1996-10-26, 02:14:08, 14, 761"
"1156, 2014-6-12, 03:34:43, 59, 870"
"1157, 2001-7-20, 09:06:35, 6, 821"
"1158, 2015-12-25, 23:30:58, 98, 63"
"1159, 1992-9-3, 04:41:57, 94, 152"
"1160, 2013-12-6, 03:46:31, 97, 101"
"1161, 2000-11-5, 22:00:36, 97, 18"
"1162, 2011-5-5, 03:21:00, 8, 625"
"1163, 2010-8-29, 02:10:54, 96, 809"
"1164, 2006-6-9, 23:16:59, 75, 986"
"1165, 1997-3-1, 15:51:11, 41, 18"
"1166, 2010-2-22, 14:20:23, 58, 969"
"1167, 1987-11-12, 12:57:01, 27, 589"
"1168, 1983-3-10, 14:07:01, 35, 898"
"1169, 1994-4-2, 13:00:40, 77, 288"
"1170, 2019-8-4, 16:32:39, 56, 980"
"1171, 1986-7-23, 18:36:52, 78, 845"
"1172, 2001-8-22, 08:48:39, 40, 266"
"1173, 2014-12-5, 19:50:11, 26, 582"
"1174, 1981-2-20, 05:24:57, 85, 553"
"1175, 1991-4-3, 08:36:43, 45, 432"
"1176, 2012-9-29, 06:25:23, 88, 359"
"1177, 2020-1-4, 11:50:46, 44, 226"
"1178, 1981-5-18, 02:23:49, 45, 299"
"1179, 1987-1-28, 18:54:34, 75, 66"
"1180, 1981-2-27, 23:35:35, 43, 437"
"1181, 2007-2-28, 03:06:52, 37, 6"
"1182, 2002-4-16, 06:51:00, 93, 172"
"1183, 2018-8-30, 06:56:57, 80, 958"
"1184, 2004-3-11, 19:27:43, 36, 307"
"1185, 2019-12-22, 10:21:58, 75, 198"
"1186, 2009-9-8, 17:22:46, 4, 73"
"1187, 2000-1-28, 11:44:24, 98, 374"
"1188, 1999-8-3, 00:49:27, 1, 103"
"1189, 1983-11-19, 16:39:49, 54, 293"
"1190, 2016-1-30, 07:04:42, 76, 390"
"1191, 2011-6-1, 02:30:32, 66, 692"
"1192, 2020-4-26, 18:41:30, 98, 56"
"1193, 2011-9-30, 22:23:17, 50, 978"
"1194, 2016-5-5, 08:34:13, 73, 851"
"1195, 2012-2-29, 18:22:22, 94, 414"
"1196, 2015-1-7, 21:38:28, 15, 575"
"1197, 2003-3-21, 20:56:38, 97, 645"
"1198, 1988-11-3, 20:13:13, 17, 203"
"1199, 2015-6-3, 00:04:54, 47, 391"
"1200, 1998-10-17, 02:08:25, 26, 155"
"1201, 1986-3-31, 05:38:22, 96, 743"
"1202, 2001-12-10, 20:39:58, 19, 776"
"1203, 2002-7-22, 11:12:52, 79, 543"
"1204, 1982-6-28, 16:04:26, 19, 100"
"1205, 2001-4-16, 22:31:22, 36, 920"
"1206, 2000-1-27, 16:34:38, 48, 169"
"1207, 1985-12-17, 15:36:58, 74, 196"
"1208, 2019-8-10, 18:16:46, 70, 34"
"1209, 1990-2-11, 23:48:23, 47, 458"
"1210, 2002-9-7, 08:38:10, 8, 950"
"1211, 2014-11-24, 07:11:24, 78, 272"
"1212, 2011-7-13, 21:11:26, 5, 114"
"1213, 1993-3-31, 05:02:20, 4, 682"
"1214, 1984-11-22, 12:03:28, 42, 375"
"1215, 2019-8-28, 14:45:47, 47, 425"
"1216, 2007-9-29, 08:37:28, 10, 200"
"1217, 2013-6-14, 14:16:28, 29, 569"
"1218, 2014-7-26, 07:46:37, 73, 995"
"1219, 1992-7-4, 04:38:35, 9, 17"
"1220, 1983-2-19, 23:26:37, 38, 52"
"1221, 2000-10-29, 14:43:25, 20, 382"
"1222, 1995-2-19, 15:37:46, 47, 575"
"1223, 1990-2-18, 12:47:00, 92, 879"
"1224, 1981-8-21, 05:23:41, 85, 245"
"1225, 1996-5-9, 15:58:31, 58, 513"
"1226, 2018-6-22, 06:26:47, 88, 572"
"1227, 1980-7-28, 17:34:06, 88, 687"
"1228, 2001-10-8, 13:00:09, 35, 843"
"1229, 1981-12-31, 21:16:48, 95, 867"
"1230, 2003-7-13, 01:23:31, 85, 135"
"1231, 2005-11-9, 15:42:44, 76, 602"
"1232, 1994-11-6, 01:33:56, 76, 70"
"1233, 2018-10-2, 06:29:53, 84, 448"
"1234, 1983-8-17, 12:44:19, 10, 168"
"1235, 1994-10-20, 10:48:51, 31, 156"
"1236, 2013-11-21, 19:28:13, 67, 612"
"1237, 2013-2-22, 13:46:55, 12, 80"
"1238, 2018-7-25, 06:19:41, 6, 853"
"1239, 2018-9-19, 21:40:36, 62, 417"
"1240, 2004-7-11, 00:31:17, 79, 495"
"1241, 1981-2-8, 16:25:31, 42, 574"
"1242, 2008-12-11, 03:01:04, 87, 102"
"1243, 1989-12-25, 02:27:35, 91, 44"
"1244, 1989-6-10, 15:53:26, 53, 187"
"1245, 1997-4-30, 17:54:22, 12, 679"
"1246, 1988-6-7, 16:23:05, 48, 308"
"1247, 1986-9-21, 15:45:24, 57, 512"
"1248, 1999-2-8, 19:36:20, 15, 550"
"1249, 1998-5-12, 18:16:35, 66, 899"
"1250, 2002-9-28, 08:48:09, 53, 409"
"1251, 2013-1-9, 18:02:21, 42, 780"
"1252, 1992-11-19, 00:07:57, 47, 789"
"1253, 2006-2-24, 00:02:26, 38, 351"
"1254, 2019-8-26, 10:23:43, 13, 682"
"1255, 1995-6-16, 07:05:05, 97, 187"
"1256, 1983-10-5, 13:30:25, 51, 671"
"1257, 2019-10-14, 22:39:49, 24, 428"
"1258, 1985-5-2, 17:35:15, 75, 918"
"1259, 2014-11-18, 20:27:46, 7, 215"
"1260, 2005-3-22, 02:42:59, 57, 25"
"1261, 2009-8-17, 21:44:50, 56, 46"
"1262, 2005-10-5, 12:49:06, 67, 473"
"1263, 1992-9-8, 23:22:54, 8, 640"
"1264, 2008-2-13, 15:06:40, 43, 447"
"1265, 2016-1-27, 09:58:50, 5, 531"
"1266, 2006-1-4, 03:40:00, 50, 563"
"1267, 2003-1-6, 22:22:01, 92, 60"
"1268, 2007-7-1, 00:56:46, 86, 217"
"1269, 1992-8-30, 13:42:44, 50, 965"
"1270, 1993-9-11, 10:56:35, 76, 63"
"1271, 2015-9-2, 05:56:42, 69, 223"
"1272, 2020-9-18, 02:50:59, 70, 14"
"1273, 2007-4-12, 02:14:30, 46, 268"
"1274, 2004-11-23, 23:25:38, 40, 424"
"1275, 2017-9-3, 11:39:08, 94, 483"
"1276, 2009-5-10, 01:14:01, 65, 499"
"1277, 2011-8-2, 03:19:21, 88, 517"
"1278, 1990-4-5, 15:53:30, 57, 695"
"1279, 1990-9-2, 09:45:15, 69, 940"
"1280, 2005-9-24, 18:18:36, 5, 485"
"1281, 1985-1-28, 09:02:38, 25, 107"
"1282, 1996-3-8, 12:21:04, 95, 904"
"1283, 2009-9-21, 12:34:46, 14, 840"
"1284, 1981-1-18, 18:22:23, 56, 856"
"1285, 2008-3-29, 23:07:50, 9, 630"
"1286, 1982-3-29, 17:56:30, 43, 608"
"1287, 2020-2-20, 16:15:27, 22, 346"
"1288, 1985-6-9, 13:40:13, 63, 870"
"1289, 2020-10-28, 11:00:56, 89, 557"
"1290, 1984-3-29, 17:51:46, 48, 918"
"1291, 2014-5-10, 05:22:48, 18, 740"
"1292, 2010-6-26, 04:53:37, 78, 974"
"1293, 1995-2-28, 22:56:40, 35, 804"
"1294, 2002-8-21, 12:13:33, 17, 107"
"1295, 2009-2-6, 03:11:06, 49, 893"
"1296, 1986-12-10, 12:44:24, 88, 744"
"1297, 1982-12-20, 06:05:58, 70, 934"
"1298, 2019-2-10, 03:40:40, 71, 410"
"1299, 1996-4-3, 12:08:04, 23, 814"
"1300, 1997-10-7, 12:25:06, 59, 326"
"1301, 2008-4-15, 01:13:54, 60, 542"
"1302, 2005-7-22, 22:10:03, 42, 628"
"1303, 2011-3-27, 18:40:37, 35, 413"
"1304, 1987-8-29, 23:39:45, 7, 66"
"1305, 1993-3-22, 20:37:56, 19, 170"
"1306, 1984-11-14, 02:11:21, 80, 118"
"1307, 1984-9-20, 22:27:15, 56, 738"
"1308, 1984-9-25, 22:15:55, 60, 844"
"1309, 2018-10-15, 07:03:42, 29, 398"
"1310, 1993-3-6, 02:33:20, 23, 173"
"1311, 1999-2-22, 11:29:12, 14, 19"
"1312, 1990-1-17, 13:06:22, 6, 291"
"1313, 1982-2-1, 02:58:48, 67, 514"
"1314, 2014-5-27, 10:52:34, 83, 311"
"1315, 2002-3-16, 05:39:45, 76, 231"
"1316, 1980-1-6, 10:49:09, 57, 241"
"1317, 2019-5-29, 11:18:52, 52, 252"
"1318, 1995-5-27, 11:05:01, 46, 525"
"1319, 1992-4-23, 20:30:00, 6, 300"
"1320, 2000-1-30, 21:23:48, 96, 332"
"1321, 2013-3-14, 02:03:17, 99, 947"
"1322, 2002-12-30, 11:54:42, 10, 487"
"1323, 2001-10-21, 20:16:52, 93, 497"
"1324, 2013-1-23, 11:56:56, 50, 746"
"1325, 1996-11-21, 03:00:16, 57, 827"
"1326, 1999-8-9, 06:07:18, 6, 172"
"1327, 2012-3-31, 15:54:08, 90, 888"
"1328, 2008-1-9, 09:41:59, 86, 95"
"1329, 1991-12-26, 12:04:53, 49, 404"
"1330, 2015-5-19, 01:33:32, 8, 481"
"1331, 1994-3-19, 17:55:25, 1, 68"
"1332, 2002-9-23, 12:19:54, 71, 442"
"1333, 2019-1-2, 21:34:21, 51, 432"
"1334, 1995-1-4, 16:47:54, 79, 474"
"1335, 1996-5-3, 19:40:10, 83, 471"
"1336, 1990-11-20, 04:27:24, 19, 742"
"1337, 1982-2-11, 06:20:08, 35, 800"
"1338, 1993-8-2, 00:29:31, 31, 238"
"1339, 1998-7-29, 05:20:35, 35, 446"
"1340, 1985-10-25, 21:09:29, 74, 222"
"1341, 1990-7-29, 10:22:24, 55, 388"
"1342, 2010-3-19, 05:24:38, 84, 293"
"1343, 2005-11-16, 17:27:57, 53, 581"
"1344, 2000-3-18, 19:48:44, 40, 797"
"1345, 1994-4-16, 08:56:25, 15, 920"
"1346, 2011-3-29, 04:56:26, 33, 655"
"1347, 2003-10-23, 03:18:14, 58, 120"
"1348, 1990-2-23, 21:43:34, 50, 108"
"1349, 1986-2-19, 09:07:59, 22, 550"
"1350, 1998-4-27, 10:23:24, 31, 396"
"1351, 2010-10-13, 04:46:13, 24, 417"
"1352, 2001-7-15, 09:17:04, 13, 546"
"1353, 2009-11-7, 17:28:05, 91, 83"
"1354, 2009-9-4, 13:04:46, 49, 432"
"1355, 1999-11-17, 08:20:54, 26, 447"
"1356, 1995-8-12, 16:18:05, 83, 212"
"1357, 1981-8-15, 17:43:25, 92, 716"
"1358, 1980-3-22, 19:29:58, 18, 457"
"1359, 2001-7-13, 22:48:38, 83, 218"
"1360, 1983-3-10, 05:19:23, 53, 959"
"1361, 1995-9-10, 19:49:21, 40, 705"
"1362, 2014-6-28, 13:26:13, 21, 661"
"1363, 1992-6-21, 06:38:36, 6, 175"
"1364, 2005-10-7, 19:08:12, 90, 500"
"1365, 1999-8-15, 07:27:47, 74, 929"
"1366, 1993-6-28, 12:35:50, 21, 770"
"1367, 1988-9-28, 04:11:18, 85, 482"
"1368, 1982-10-7, 13:02:00, 18, 409"
"1369, 2013-12-28, 23:54:03, 9, 346"
"1370, 1991-12-2, 00:20:31, 22, 838"
"1371, 1989-8-27, 06:29:22, 1, 456"
"1372, 1982-5-22, 01:58:30, 11, 694"
"1373, 2013-9-20, 18:14:51, 18, 209"
"1374, 2002-5-28, 04:33:25, 89, 470"
"1375, 1986-12-31, 22:27:32, 20, 907"
"1376, 1984-12-3, 16:21:20, 8, 273"
"1377, 1981-4-8, 20:10:48, 36, 343"
"1378, 2018-8-21, 02:46:38, 55, 321"
"1379, 2018-12-10, 02:53:44, 72, 507"
"1380, 2010-7-23, 14:37:48, 49, 540"
"1381, 1987-5-21, 01:56:46, 89, 107"
"1382, 1991-8-15, 12:20:40, 84, 210"
"1383, 1988-4-29, 05:48:35, 63, 497"
"1384, 2016-11-17, 11:28:30, 12, 625"
"1385, 2015-3-27, 02:16:29, 42, 555"
"1386, 2016-5-27, 16:00:34, 55, 242"
"1387, 1997-5-7, 13:00:39, 96, 687"
"1388, 1990-10-1, 19:14:57, 25, 309"
"1389, 1991-12-8, 23:45:07, 89, 17"
"1390, 2012-12-12, 01:17:54, 12, 398"
"1391, 2017-11-15, 18:31:49, 92, 661"
"1392, 1994-3-10, 01:34:33, 66, 386"
"1393, 1984-12-29, 19:02:46, 63, 539"
"1394, 2005-2-9, 15:24:04, 99, 348"
"1395, 1997-10-23, 07:43:52, 44, 157"
"1396, 2014-6-1, 03:41:30, 93, 39"
"1397, 2012-1-25, 17:49:24, 16, 671"
"1398, 2012-10-8, 18:32:36, 75, 692"
"1399, 2005-4-18, 15:35:02, 54, 187"
"1400, 2003-4-9, 14:50:10, 51, 162"
"1401, 2002-1-16, 04:06:34, 60, 378"
"1402, 1988-9-8, 12:34:27, 46, 222"
"1403, 1993-8-21, 18:36:58, 37, 919"
"1404, 1987-7-27, 11:29:29, 30, 125"
"1405, 2004-6-11, 22:46:59, 54, 62"
"1406, 1984-7-31, 18:06:25, 79, 624"
"1407, 2019-4-21, 19:06:32, 59, 734"
"1408, 2015-3-10, 21:40:08, 89, 320"
"1409, 1983-7-24, 04:29:38, 75, 598"
"1410, 2006-6-7, 04:16:40, 71, 525"
"1411, 2007-4-30, 20:20:27, 60, 423"
"1412, 2014-11-19, 05:41:45, 39, 915"
"1413, 1995-11-12, 22:13:36, 44, 384"
"1414, 2008-3-4, 07:44:53, 25, 139"
"1415, 2012-12-9, 00:18:19, 56, 373"
"1416, 1993-3-9, 12:02:10, 91, 403"
"1417, 1999-7-31, 10:38:12, 73, 209"
"1418, 1980-2-19, 05:44:52, 93, 322"
"1419, 1988-5-14, 01:51:40, 72, 586"
"1420, 1983-10-20, 18:11:14, 57, 988"
"1421, 1982-7-1, 21:05:02, 46, 848"
"1422, 2020-12-4, 14:39:12, 24, 150"
"1423, 1989-1-3, 22:01:32, 88, 599"
"1424, 1999-6-21, 17:32:14, 89, 427"
"1425, 1988-5-25, 16:20:18, 34, 805"
"1426, 2006-9-4, 03:04:56, 92, 290"
"1427, 1993-6-21, 07:17:41, 20, 394"
"1428, 2003-2-13, 10:38:20, 42, 54"
"1429, 2018-8-26, 00:17:40, 41, 545"
"1430, 1992-10-2, 08:14:50, 95, 658"
"1431, 2015-3-22, 09:28:59, 11, 265"
"1432, 2005-10-6, 08:22:58, 7, 4"
"1433, 1988-11-12, 04:32:05, 44, 708"
"1434, 1990-6-9, 02:09:14, 47, 880"
"1435, 1991-9-28, 19:02:39, 72, 97"
"1436, 1994-8-7, 05:38:44, 87, 828"
"1437, 1997-8-31, 13:37:54, 88, 212"
"1438, 2000-2-21, 14:38:05, 25, 897"
"1439, 2012-7-12, 13:20:12, 74, 378"
"1440, 1991-2-1, 19:29:44, 33, 131"
"1441, 2000-12-18, 19:04:51, 45, 505"
"1442, 1985-2-15, 14:49:40, 75, 703"
"1443, 2008-4-15, 04:39:35, 95, 856"
"1444, 2014-2-1, 12:14:02, 68, 721"
"1445, 1995-4-25, 11:01:54, 69, 860"
"1446, 1981-11-9, 19:42:47, 92, 134"
"1447, 1988-2-22, 11:15:54, 64, 679"
"1448, 1981-4-23, 19:39:17, 96, 5"
"1449, 2007-3-12, 12:24:43, 94, 203"
"1450, 1983-6-12, 05:25:44, 27, 398"
"1451, 2011-10-11, 12:48:37, 88, 577"
"1452, 2014-8-13, 05:48:43, 76, 697"
"1453, 1985-4-24, 12:27:46, 46, 133"
"1454, 2014-10-4, 21:25:51, 25, 505"
"1455, 2011-9-30, 18:10:27, 92, 58"
"1456, 2010-12-18, 15:19:04, 77, 905"
"1457, 1996-4-18, 21:55:08, 71, 784"
"1458, 2005-3-15, 14:02:58, 91, 620"
"1459, 2020-6-10, 04:16:49, 66, 508"
"1460, 2018-1-13, 06:35:50, 15, 629"
"1461, 1991-5-13, 15:00:59, 76, 757"
"1462, 1983-4-1, 02:22:54, 91, 320"
"1463, 1987-5-28, 19:05:36, 91, 338"
"1464, 1988-10-18, 18:41:58, 84, 656"
"1465, 2008-10-14, 07:43:13, 21, 64"
"1466, 1981-3-19, 17:01:04, 78, 108"
"1467, 1991-12-31, 09:44:27, 69, 78"
"1468, 2002-8-14, 07:33:01, 19, 518"
"1469, 1982-4-22, 06:19:36, 81, 178"
"1470, 1992-11-1, 09:59:26, 99, 122"
"1471, 2018-8-23, 10:15:17, 80, 420"
"1472, 2014-8-1, 08:59:18, 65, 743"
"1473, 1991-10-16, 17:10:15, 60, 10"
"1474, 1988-8-30, 15:07:53, 46, 39"
"1475, 2013-1-19, 16:55:22, 42, 439"
"1476, 1999-3-16, 14:13:54, 11, 850"
"1477, 1991-10-13, 20:59:40, 52, 467"
"1478, 2002-5-10, 23:12:04, 92, 718"
"1479, 1995-4-5, 21:50:54, 15, 101"
"1480, 1989-9-5, 00:07:58, 5, 744"
"1481, 2008-9-21, 04:18:03, 98, 764"
"1482, 2012-4-21, 16:22:51, 98, 546"
"1483, 1993-5-19, 08:57:41, 46, 89"
"1484, 1994-4-25, 22:38:08, 3, 533"
"1485, 1987-1-9, 09:58:45, 39, 890"
"1486, 1990-4-17, 00:03:30, 24, 292"
"1487, 1985-4-15, 03:41:38, 70, 67"
"1488, 1997-11-8, 21:15:35, 29, 329"
"1489, 1999-4-3, 12:27:47, 53, 575"
"1490, 1984-1-11, 03:30:48, 71, 650"
"1491, 2015-9-28, 11:41:16, 19, 723"
"1492, 1990-10-16, 00:05:07, 81, 772"
"1493, 2003-2-20, 23:31:48, 60, 807"
"1494, 2004-10-2, 16:03:12, 9, 844"
"1495, 2007-9-2, 03:51:08, 3, 863"
"1496, 1986-11-14, 23:28:46, 91, 664"
"1497, 2020-2-8, 15:25:39, 82, 386"
"1498, 2019-5-8, 06:09:51, 3, 421"
"1499, 1990-7-18, 19:54:30, 65, 794"
"1500, 1992-6-9, 14:18:46, 95, 31"
"1501, 1983-7-20, 08:52:13, 49, 797"
"1502, 2012-7-20, 13:14:06, 13, 989"
"1503, 1998-2-15, 11:09:24, 31, 716"
"1504, 2017-4-16, 10:07:20, 72, 777"
"1505, 1999-3-5, 08:10:13, 16, 867"
"1506, 2010-3-29, 06:40:21, 5, 618"
"1507, 2016-12-30, 10:22:12, 38, 739"
"1508, 2003-2-27, 06:28:03, 66, 657"
"1509, 2004-12-2, 14:58:15, 53, 930"
"1510, 1981-12-4, 11:14:58, 86, 231"
"1511, 2016-9-6, 21:10:12, 69, 215"
"1512, 2011-1-24, 01:25:45, 48, 868"
"1513, 2013-6-14, 05:39:50, 14, 327"
"1514, 1984-11-8, 19:44:51, 50, 390"
"1515, 1991-3-18, 23:20:30, 92, 796"
"1516, 2012-2-4, 02:07:37, 44, 361"
"1517, 2013-3-9, 20:17:47, 63, 959"
"1518, 1987-5-25, 21:55:27, 28, 687"
"1519, 1984-6-17, 03:08:40, 77, 757"
"1520, 1989-5-17, 01:05:33, 67, 9"
"1521, 1992-4-12, 19:21:51, 30, 65"
"1522, 2017-8-16, 22:49:39, 80, 232"
"1523, 2017-9-14, 07:48:11, 45, 208"
"1524, 2005-4-17, 02:04:02, 30, 805"
"1525, 1984-2-25, 12:32:56, 36, 608"
"1526, 1983-3-28, 01:21:24, 41, 988"
"1527, 2000-1-24, 19:32:10, 29, 935"
"1528, 2007-3-22, 09:24:40, 9, 563"
"1529, 1987-5-24, 10:52:29, 19, 340"
"1530, 1982-4-1, 11:54:10, 32, 970"
"1531, 2015-11-20, 20:28:23, 62, 825"
"1532, 1994-5-3, 11:37:07, 93, 788"
"1533, 1985-2-23, 16:47:27, 2, 648"
"1534, 2012-2-3, 11:38:31, 89, 476"
"1535, 1984-3-28, 12:17:21, 85, 760"
"1536, 2019-4-1, 14:05:54, 11, 774"
"1537, 1990-4-28, 07:34:42, 33, 264"
"1538, 1989-1-18, 11:57:44, 27, 497"
"1539, 2009-12-23, 18:36:20, 67, 735"
"1540, 1996-7-9, 10:02:44, 10, 15"
"1541, 1992-3-30, 08:50:48, 27, 155"
"1542, 1993-3-12, 16:01:52, 39, 537"
"1543, 2009-3-7, 13:52:04, 73, 382"
"1544, 2003-5-13, 14:04:05, 5, 122"
"1545, 1996-7-25, 21:52:47, 3, 86"
"1546, 2004-3-14, 05:00:39, 94, 59"
"1547, 1991-10-29, 20:07:49, 14, 944"
"1548, 1993-1-3, 00:11:16, 15, 922"
"1549, 2007-7-22, 08:25:43, 28, 212"
"1550, 1992-9-29, 03:14:24, 42, 96"
"1551, 2007-1-15, 23:41:03, 60, 241"
"1552, 2013-7-29, 04:28:31, 4, 487"
"1553, 2013-2-12, 17:50:50, 90, 891"
"1554, 2011-5-12, 16:09:24, 68, 349"
"1555, 2003-3-31, 07:00:16, 11, 541"
"1556, 1998-6-24, 23:19:26, 48, 820"
"1557, 2002-2-3, 06:38:16, 82, 669"
"1558, 1983-12-1, 09:40:15, 92, 174"
"1559, 2011-2-18, 00:41:43, 92, 128"
"1560, 2012-8-7, 15:10:10, 97, 184"
"1561, 1997-10-12, 11:43:03, 46, 103"
"1562, 1989-2-28, 11:12:09, 37, 603"
"1563, 2000-3-18, 23:57:58, 56, 478"
"1564, 1984-10-29, 10:38:56, 53, 855"
"1565, 2012-9-2, 10:31:08, 52, 322"
"1566, 2019-12-11, 10:17:54, 7, 521"
"1567, 1999-5-2, 11:02:25, 27, 454"
"1568, 1991-9-19, 23:51:53, 88, 290"
"1569, 2016-10-28, 19:36:24, 40, 440"
"1570, 1988-1-28, 16:58:48, 13, 345"
"1571, 1986-7-23, 13:04:00, 47, 438"
"1572, 1994-4-23, 01:12:48, 92, 293"
"1573, 2015-6-7, 01:09:58, 83, 176"
"1574, 2013-11-29, 17:48:42, 6, 223"
"1575, 1996-2-24, 17:35:43, 25, 948"
"1576, 1987-5-22, 11:30:32, 32, 289"
"1577, 2017-6-11, 22:42:43, 1, 54"
"1578, 1989-3-8, 21:45:34, 46, 302"
"1579, 1991-8-6, 22:42:58, 19, 949"
"1580, 1999-9-24, 23:45:46, 95, 286"
"1581, 1993-5-13, 03:11:42, 44, 224"
"1582, 1999-8-10, 02:11:20, 27, 387"
"1583, 1990-1-2, 21:19:13, 85, 338"
"1584, 1997-2-12, 10:23:16, 20, 304"
"1585, 1986-7-8, 03:54:36, 58, 177"
"1586, 2012-4-17, 07:10:36, 78, 997"
"1587, 2012-3-1, 01:10:36, 21, 256"
"1588, 2019-2-17, 00:32:41, 45, 47"
"1589, 1987-6-11, 19:54:23, 16, 755"
"1590, 2019-1-16, 14:35:55, 13, 764"
"1591, 2008-3-15, 07:15:26, 51, 191"
"1592, 2020-1-26, 02:25:59, 57, 61"
"1593, 1982-3-21, 06:46:59, 76, 785"
"1594, 2019-12-18, 02:54:18, 93, 912"
"1595, 1997-8-18, 09:46:11, 40, 84"
"1596, 1987-6-15, 04:15:56, 51, 629"
"1597, 2009-10-29, 06:09:44, 77, 611"
"1598, 2002-2-5, 00:27:29, 67, 629"
"1599, 2016-2-5, 09:25:58, 41, 269"
"1600, 1994-12-13, 19:34:17, 77, 309"
"1601, 2012-12-4, 08:04:46, 2, 81"
"1602, 2019-11-21, 13:02:53, 89, 281"
"1603, 1981-5-1, 12:31:21, 77, 760"
"1604, 1995-9-30, 13:58:55, 2, 90"
"1605, 1993-8-7, 15:34:07, 2, 497"
"1606, 1980-10-10, 07:09:43, 82, 78"
"1607, 1982-12-1, 10:49:20, 13, 773"
"1608, 1993-8-20, 17:00:16, 51, 809"
"1609, 1982-12-9, 06:43:07, 28, 260"
"1610, 2004-3-2, 03:20:30, 88, 246"
"1611, 2000-12-18, 10:51:16, 39, 929"
"1612, 2012-5-12, 16:36:34, 52, 307"
"1613, 1997-8-3, 20:30:22, 99, 542"
"1614, 1993-8-11, 07:59:02, 10, 5"
"1615, 1998-10-31, 08:40:15, 51, 663"
"1616, 1992-1-15, 02:00:09, 24, 747"
"1617, 2000-7-11, 04:00:02, 66, 563"
"1618, 2020-12-11, 13:48:43, 92, 98"
"1619, 1987-5-30, 22:57:40, 82, 76"
"1620, 2011-8-16, 22:47:25, 36, 916"
"1621, 2010-10-8, 21:47:25, 26, 118"
"1622, 2002-9-5, 05:08:08, 40, 503"
"1623, 2001-9-3, 11:37:48, 71, 845"
"1624, 2005-10-5, 08:37:23, 35, 373"
"1625, 2002-10-12, 04:21:53, 41, 584"
"1626, 2012-12-14, 17:01:51, 78, 378"
"1627, 2006-6-27, 01:12:58, 27, 34"
"1628, 2017-7-22, 05:20:53, 58, 106"
"1629, 2003-9-15, 13:00:45, 14, 604"
"1630, 2006-10-10, 05:41:16, 29, 939"
"1631, 2003-11-11, 08:50:42, 22, 814"
"1632, 2002-12-23, 10:31:42, 93, 266"
"1633, 2003-10-18, 10:28:45, 17, 457"
"1634, 2017-6-1, 19:54:49, 79, 746"
"1635, 1995-3-5, 18:59:33, 56, 617"
"1636, 2005-1-26, 23:30:17, 61, 970"
"1637, 1987-7-31, 06:13:41, 8, 686"
"1638, 1980-3-2, 18:07:10, 96, 487"
"1639, 1994-1-8, 03:17:38, 98, 515"
"1640, 1997-1-29, 06:54:32, 80, 679"
"1641, 2005-8-31, 17:39:03, 24, 879"
"1642, 2012-10-25, 00:46:26, 8, 993"
"1643, 2004-9-28, 11:51:21, 95, 517"
"1644, 1995-3-9, 23:42:48, 98, 600"
"1645, 2008-4-6, 01:43:58, 93, 709"
"1646, 2008-7-14, 03:57:29, 31, 694"
"1647, 1990-10-12, 07:00:43, 23, 871"
"1648, 1989-7-22, 13:58:18, 37, 294"
"1649, 1995-10-8, 01:54:04, 57, 30"
"1650, 2014-1-30, 22:17:10, 2, 331"
"1651, 2014-5-14, 07:00:36, 35, 723"
"1652, 1994-9-24, 01:13:12, 58, 75"
"1653, 2005-12-30, 09:58:01, 72, 486"
"1654, 1995-6-27, 08:39:18, 43, 145"
"1655, 2006-4-15, 19:41:38, 17, 399"
"1656, 2000-9-6, 18:17:41, 91, 401"
"1657, 2004-12-6, 09:12:19, 72, 999"
"1658, 2013-8-12, 01:56:55, 26, 57"
"1659, 1984-8-21, 20:29:59, 51, 551"
"1660, 2020-1-23, 02:47:00, 16, 364"
"1661, 1983-2-2, 19:38:41, 14, 361"
"1662, 2019-4-3, 15:15:25, 94, 26"
"1663, 2004-11-16, 09:58:13, 53, 324"
"1664, 2002-5-22, 06:48:59, 4, 940"
"1665, 1982-10-28, 17:57:39, 45, 738"
"1666, 1991-9-17, 18:40:36, 6, 825"
"1667, 1992-7-18, 13:01:46, 14, 160"
"1668, 2014-4-13, 22:40:12, 75, 408"
"1669, 2006-3-17, 14:11:42, 79, 197"
"1670, 1985-12-18, 17:33:23, 45, 308"
"1671, 2004-6-22, 07:10:50, 50, 639"
"1672, 1985-12-7, 09:12:31, 12, 296"
"1673, 2007-4-4, 07:18:05, 58, 360"
"1674, 2006-11-17, 17:54:49, 58, 892"
"1675, 2000-5-22, 20:27:47, 19, 48"
"1676, 1993-6-19, 07:01:08, 19, 80"
"1677, 2017-9-25, 11:18:40, 9, 613"
"1678, 1992-2-4, 18:03:44, 59, 687"
"1679, 1983-2-26, 08:59:57, 28, 508"
"1680, 1988-10-28, 09:06:28, 53, 715"
"1681, 1997-9-21, 14:13:50, 53, 130"
"1682, 2014-7-2, 17:07:14, 53, 979"
"1683, 2006-2-19, 03:04:49, 29, 885"
"1684, 2006-5-24, 11:43:45, 68, 399"
"1685, 2012-9-8, 00:52:32, 24, 125"
"1686, 2003-7-2, 12:50:44, 79, 538"
"1687, 2003-5-27, 23:00:35, 26, 466"
"1688, 2000-6-20, 06:24:44, 90, 421"
"1689, 1986-10-23, 08:08:44, 7, 192"
"1690, 1993-5-24, 05:47:16, 17, 494"
"1691, 2003-9-19, 15:34:42, 98, 218"
"1692, 2014-4-7, 12:00:56, 81, 36"
"1693, 1985-9-15, 22:34:16, 49, 342"
"1694, 1992-8-17, 00:44:05, 33, 331"
"1695, 2016-7-30, 14:51:23, 20, 744"
"1696, 2019-2-8, 14:16:49, 21, 152"
"1697, 1990-11-23, 13:05:04, 90, 54"
"1698, 1996-10-2, 09:37:07, 63, 357"
"1699, 1981-10-5, 18:28:41, 24, 517"
"1700, 1980-12-12, 05:44:09, 41, 909"
"1701, 1998-8-5, 16:19:06, 20, 472"
"1702, 1993-4-23, 05:09:35, 96, 27"
"1703, 2012-1-26, 09:39:33, 14, 223"
"1704, 2012-6-20, 22:03:16, 57, 845"
"1705, 2002-9-4, 19:39:13, 65, 907"
"1706, 1996-12-19, 07:58:47, 87, 500"
"1707, 2006-4-17, 02:33:52, 98, 149"
"1708, 1992-3-22, 05:52:48, 19, 94"
"1709, 1982-12-11, 22:19:04, 45, 26"
"1710, 1983-9-16, 08:18:42, 40, 784"
"1711, 2007-8-7, 04:58:37, 6, 929"
"1712, 2011-9-26, 13:32:05, 22, 852"
"1713, 2004-12-29, 01:12:14, 57, 886"
"1714, 2019-10-23, 09:04:30, 39, 522"
"1715, 1980-10-25, 05:15:50, 48, 386"
"1716, 2000-7-3, 00:46:31, 42, 335"
"1717, 2013-5-1, 09:53:22, 47, 743"
"1718, 1986-11-28, 10:50:44, 10, 896"
"1719, 1980-4-19, 21:48:42, 96, 97"
"1720, 2019-3-12, 09:03:14, 80, 798"
"1721, 1996-7-7, 19:43:14, 77, 998"
"1722, 1986-7-7, 19:55:11, 41, 954"
"1723, 2014-6-6, 11:03:12, 1, 418"
"1724, 1991-8-10, 09:56:55, 18, 868"
"1725, 2009-7-17, 04:28:38, 70, 463"
"1726, 2019-8-5, 22:27:26, 69, 43"
"1727, 1995-11-23, 22:46:19, 86, 453"
"1728, 2010-3-5, 07:04:33, 97, 571"
"1729, 2002-9-3, 14:26:29, 47, 320"
"1730, 2000-3-24, 23:17:45, 21, 455"
"1731, 1981-4-13, 07:09:08, 52, 663"
"1732, 2010-12-28, 16:34:29, 3, 282"
"1733, 1983-6-3, 15:27:10, 71, 975"
"1734, 2013-5-21, 03:53:55, 25, 835"
"1735, 2004-8-19, 00:23:56, 65, 879"
"1736, 1987-10-2, 04:39:54, 26, 633"
"1737, 2013-6-25, 15:09:42, 53, 968"
"1738, 1989-5-5, 23:32:06, 20, 333"
"1739, 2013-1-16, 04:14:32, 14, 565"
"1740, 1984-1-7, 17:11:15, 53, 236"
"1741, 1987-9-23, 10:56:14, 5, 277"
"1742, 2015-4-21, 21:53:00, 1, 35"
"1743, 1994-5-22, 09:00:17, 97, 193"
"1744, 2008-9-9, 11:00:14, 3, 547"
"1745, 1986-8-16, 02:04:20, 16, 667"
"1746, 1991-3-17, 20:07:45, 24, 427"
"1747, 1985-10-16, 10:23:48, 91, 979"
"1748, 1993-9-10, 17:25:59, 82, 433"
"1749, 2020-8-10, 10:11:22, 48, 325"
"1750, 2005-11-7, 19:24:34, 74, 959"
"1751, 2012-6-12, 23:23:45, 67, 264"
"1752, 1992-2-17, 14:10:54, 92, 373"
"1753, 2013-5-20, 01:54:34, 27, 767"
"1754, 1996-9-20, 08:16:05, 81, 68"
"1755, 2003-10-30, 07:18:16, 69, 66"
"1756, 2018-6-18, 16:45:16, 39, 833"
"1757, 1983-2-5, 11:20:34, 6, 171"
"1758, 1999-3-28, 23:39:55, 4, 575"
"1759, 2015-7-3, 05:20:57, 6, 517"
"1760, 2011-7-18, 03:54:23, 22, 470"
"1761, 2002-11-15, 21:58:03, 72, 789"
"1762, 1984-4-15, 11:52:19, 88, 540"
"1763, 2017-12-20, 07:18:52, 56, 679"
"1764, 1982-6-12, 18:56:16, 42, 562"
"1765, 2004-3-16, 12:12:20, 80, 97"
"1766, 2004-3-20, 19:53:09, 10, 744"
"1767, 1994-5-4, 06:48:28, 74, 211"
"1768, 2009-6-15, 19:25:19, 55, 301"
"1769, 1997-2-8, 17:52:12, 38, 649"
"1770, 2009-9-6, 01:29:12, 71, 189"
"1771, 1996-9-24, 02:03:16, 82, 698"
"1772, 1986-9-21, 19:11:58, 84, 532"
"1773, 2004-1-30, 05:47:10, 5, 878"
"1774, 2018-1-23, 05:59:48, 15, 40"
"1775, 2011-9-6, 16:23:30, 90, 340"
"1776, 1997-5-17, 03:22:11, 57, 866"
"1777, 2003-5-2, 01:54:06, 35, 725"
"1778, 1995-4-6, 06:25:28, 41, 546"
"1779, 2015-12-29, 08:19:02, 90, 413"
"1780, 1999-2-7, 12:21:07, 21, 762"
"1781, 1991-9-13, 00:19:42, 71, 548"
"1782, 2002-3-4, 04:56:54, 99, 900"
"1783, 1985-10-10, 04:03:31, 4, 664"
"1784, 1999-7-15, 04:42:06, 92, 346"
"1785, 1991-4-8, 04:50:22, 81, 737"
"1786, 2013-1-30, 16:31:49, 80, 17"
"1787, 1997-8-11, 15:17:55, 82, 690"
"1788, 2017-11-28, 11:10:37, 84, 50"
"1789, 2003-9-5, 23:13:34, 14, 986"
"1790, 2017-10-20, 10:51:11, 1, 398"
"1791, 1990-2-17, 15:11:33, 1, 369"
"1792, 2000-11-5, 22:21:10, 20, 202"
"1793, 1991-7-25, 11:32:54, 30, 233"
"1794, 2003-5-13, 07:23:34, 34, 662"
"1795, 2006-5-31, 02:17:09, 36, 953"
"1796, 2004-4-2, 16:24:59, 42, 356"
"1797, 2015-8-7, 17:53:02, 25, 813"
"1798, 2016-6-5, 16:07:16, 76, 148"
"1799, 1989-12-17, 00:44:00, 47, 806"
"1800, 1995-8-16, 04:20:49, 1, 482"
"1801, 2003-2-22, 19:03:44, 64, 698"
"1802, 2000-11-19, 09:40:48, 28, 698"
"1803, 1985-3-20, 07:51:05, 84, 890"
"1804, 1983-4-27, 17:54:34, 2, 728"
"1805, 2014-6-10, 16:54:28, 71, 147"
"1806, 1999-3-26, 14:46:40, 96, 128"
"1807, 1987-10-31, 16:01:01, 18, 246"
"1808, 2007-7-22, 21:14:41, 97, 431"
"1809, 2014-11-1, 23:01:56, 33, 587"
"1810, 2019-9-11, 19:16:35, 24, 801"
"1811, 2017-3-20, 21:42:18, 86, 735"
"1812, 2016-3-3, 07:27:04, 13, 210"
"1813, 1995-7-18, 11:14:18, 38, 820"
"1814, 1981-3-22, 21:15:02, 84, 697"
"1815, 1993-12-22, 21:52:19, 67, 94"
"1816, 2006-6-12, 06:43:25, 6, 896"
"1817, 2018-10-28, 16:39:35, 73, 829"
"1818, 2000-10-2, 16:40:49, 26, 260"
"1819, 1985-5-13, 15:31:37, 34, 805"
"1820, 1988-7-8, 16:45:53, 79, 970"
"1821, 2015-9-6, 03:37:10, 93, 215"
"1822, 2006-6-25, 09:09:08, 21, 874"
"1823, 1995-10-25, 00:35:31, 75, 297"
"1824, 1990-3-6, 10:39:27, 39, 429"
"1825, 1980-6-2, 14:32:21, 72, 727"
"1826, 2005-12-1, 00:00:42, 30, 170"
"1827, 1994-3-1, 23:47:29, 39, 108"
"1828, 1999-1-16, 04:22:21, 82, 535"
"1829, 2000-8-26, 03:56:55, 61, 522"
"1830, 2011-1-16, 01:38:53, 90, 7"
"1831, 1984-3-2, 06:47:41, 4, 332"
"1832, 2012-6-20, 02:51:32, 64, 942"
"1833, 2016-8-20, 21:05:14, 26, 984"
"1834, 2006-10-30, 18:08:16, 68, 721"
"1835, 1995-5-27, 04:59:23, 15, 944"
"1836, 1985-9-2, 00:43:39, 77, 869"
"1837, 2007-12-22, 09:03:53, 63, 436"
"1838, 1981-11-25, 17:51:24, 70, 451"
"1839, 1994-8-25, 09:22:34, 98, 67"
"1840, 2015-11-8, 01:48:19, 86, 557"
"1841, 1989-2-9, 11:12:22, 57, 357"
"1842, 1999-3-3, 08:56:38, 97, 372"
"1843, 2009-5-9, 05:49:09, 68, 281"
"1844, 2004-5-30, 18:01:06, 57, 415"
"1845, 2010-2-16, 16:00:27, 28, 774"
"1846, 1989-8-21, 17:38:08, 98, 989"
"1847, 1984-10-8, 03:34:43, 22, 202"
"1848, 2003-6-9, 13:22:48, 59, 528"
"1849, 1995-10-18, 22:21:07, 21, 630"
"1850, 1988-10-16, 21:48:16, 5, 482"
"1851, 1996-11-19, 05:44:57, 8, 69"
"1852, 1991-2-19, 03:28:41, 9, 639"
"1853, 2015-11-12, 16:05:43, 32, 723"
"1854, 2007-3-12, 21:36:00, 94, 143"
"1855, 1986-3-19, 05:23:29, 89, 852"
"1856, 2018-11-14, 22:14:46, 61, 975"
"1857, 2001-1-11, 16:19:58, 78, 726"
"1858, 2017-4-1, 22:13:22, 81, 389"
"1859, 2001-1-15, 20:49:27, 9, 683"
"1860, 2001-11-27, 03:27:05, 97, 811"
"1861, 2011-2-8, 18:32:40, 58, 61"
"1862, 2007-4-3, 01:35:38, 3, 775"
"1863, 2008-10-20, 06:12:07, 10, 181"
"1864, 1989-2-19, 00:55:02, 82, 752"
"1865, 2000-5-4, 00:30:51, 86, 429"
"1866, 1993-3-4, 03:59:54, 39, 790"
"1867, 1982-7-15, 08:41:06, 11, 301"
"1868, 2013-4-19, 18:08:18, 97, 73"
"1869, 1986-11-10, 02:08:07, 50, 997"
"1870, 1988-10-8, 08:41:55, 56, 797"
"1871, 2004-9-8, 10:19:08, 35, 761"
"1872, 2012-7-11, 04:11:02, 73, 508"
"1873, 1997-8-30, 10:39:51, 38, 469"
"1874, 1997-1-20, 21:42:18, 12, 491"
"1875, 2002-9-18, 07:54:49, 35, 902"
"1876, 1990-3-14, 04:00:55, 71, 425"
"1877, 2008-10-5, 02:33:58, 36, 822"
"1878, 2018-2-13, 09:32:50, 64, 493"
"1879, 1999-3-12, 01:13:29, 84, 233"
"1880, 1987-6-3, 17:22:44, 6, 72"
"1881, 2005-4-13, 21:42:30, 35, 699"
"1882, 1981-11-23, 13:06:07, 6, 275"
"1883, 1984-6-9, 21:32:22, 28, 859"
"1884, 2004-8-28, 02:50:40, 64, 256"
"1885, 2012-8-22, 04:28:32, 15, 12"
"1886, 1991-5-16, 22:51:57, 57, 903"
"1887, 2004-11-6, 23:22:27, 72, 612"
"1888, 2004-4-18, 12:31:11, 84, 841"
"1889, 1981-2-27, 04:32:00, 36, 676"
"1890, 2001-4-2, 02:15:39, 80, 783"
"1891, 2019-6-1, 13:34:34, 76, 584"
"1892, 1980-3-14, 10:00:03, 77, 633"
"1893, 2017-8-31, 01:19:40, 57, 461"
"1894, 2015-3-16, 10:42:20, 34, 637"
"1895, 2004-2-29, 06:57:11, 64, 471"
"1896, 2008-6-29, 15:20:11, 57, 63"
"1897, 2011-1-9, 16:12:48, 10, 682"
"1898, 1989-2-10, 12:57:04, 82, 617"
"1899, 2006-6-24, 01:04:02, 5, 631"
"1900, 2000-3-2, 21:12:32, 12, 311"
"1901, 2005-7-23, 23:00:04, 43, 132"
"1902, 1985-12-9, 02:27:23, 48, 334"
"1903, 2014-7-14, 04:56:15, 54, 775"
"1904, 1982-3-29, 21:16:32, 3, 996"
"1905, 2003-11-3, 01:37:30, 4, 785"
"1906, 1982-3-21, 19:04:38, 27, 87"
"1907, 2002-4-20, 20:19:45, 24, 341"
"1908, 2004-7-19, 02:28:02, 29, 396"
"1909, 1990-5-17, 23:19:30, 54, 416"
"1910, 1985-3-16, 23:52:17, 70, 945"
"1911, 2012-11-14, 20:31:53, 42, 975"
"1912, 1984-6-3, 12:03:26, 71, 392"
"1913, 1984-1-11, 09:59:30, 16, 351"
"1914, 2019-3-21, 23:09:39, 66, 131"
"1915, 1987-1-18, 05:23:50, 37, 670"
"1916, 1985-10-26, 20:22:55, 34, 646"
"1917, 1987-5-6, 04:19:51, 71, 883"
"1918, 2001-9-24, 00:18:17, 27, 506"
"1919, 2013-6-6, 02:56:15, 96, 191"
"1920, 2010-8-18, 01:29:04, 29, 822"
"1921, 1984-1-14, 22:52:34, 78, 135"
"1922, 2001-3-19, 10:56:24, 19, 863"
"1923, 2018-6-24, 18:07:22, 36, 93"
"1924, 1986-4-18, 02:43:05, 18, 125"
"1925, 2018-4-17, 21:32:59, 89, 209"
"1926, 1984-10-12, 00:58:55, 25, 813"
"1927, 1989-4-15, 23:53:42, 28, 219"
"1928, 2015-12-2, 19:15:07, 44, 362"
"1929, 2009-9-24, 00:05:43, 72, 547"
"1930, 1987-3-10, 15:56:44, 6, 891"
"1931, 1993-12-25, 17:04:59, 36, 256"
"1932, 2008-6-22, 22:37:42, 54, 703"
"1933, 2015-2-8, 09:23:24, 72, 126"
"1934, 2018-9-10, 03:45:40, 4, 774"
"1935, 2009-1-26, 01:29:28, 9, 579"
"1936, 2001-11-13, 11:23:26, 45, 354"
"1937, 1994-2-2, 07:35:44, 39, 708"
"1938, 2016-10-24, 02:01:43, 56, 938"
"1939, 2008-1-27, 23:36:19, 91, 637"
"1940, 1984-11-21, 01:11:54, 26, 202"
"1941, 1995-10-10, 05:29:45, 17, 362"
"1942, 1995-1-24, 18:17:48, 34, 24"
"1943, 2014-4-28, 02:18:27, 98, 302"
"1944, 1992-5-11, 08:35:37, 68, 439"
"1945, 2011-9-15, 03:16:30, 49, 728"
"1946, 1994-2-15, 02:53:28, 70, 640"
"1947, 2007-10-10, 10:13:41, 47, 166"
"1948, 2019-12-19, 03:50:57, 45, 185"
"1949, 2017-7-12, 19:04:43, 93, 906"
"1950, 2013-1-26, 09:28:59, 44, 373"
"1951, 1984-2-5, 10:23:30, 5, 800"
"1952, 1984-8-18, 21:29:15, 27, 42"
"1953, 2017-8-26, 09:06:20, 70, 586"
"1954, 1999-8-4, 16:02:44, 51, 831"
"1955, 2020-7-13, 22:31:24, 16, 829"
"1956, 2001-5-19, 09:04:18, 25, 776"
"1957, 2009-6-24, 06:43:16, 38, 909"
"1958, 1981-5-21, 00:46:00, 35, 726"
"1959, 2017-3-23, 05:55:40, 5, 543"
"1960, 1992-1-25, 10:41:16, 74, 15"
"1961, 2010-1-31, 03:19:45, 1, 761"
"1962, 2006-1-21, 21:25:16, 3, 403"
"1963, 2014-12-27, 17:58:45, 31, 624"
"1964, 2013-6-3, 16:45:25, 10, 650"
"1965, 2019-5-21, 17:09:57, 21, 53"
"1966, 1995-4-11, 03:38:18, 4, 609"
"1967, 1996-10-9, 08:06:43, 13, 744"
"1968, 1983-4-6, 15:11:13, 15, 991"
"1969, 2014-3-28, 21:42:47, 96, 607"
"1970, 1987-1-19, 13:41:07, 46, 424"
"1971, 2018-3-27, 12:29:36, 38, 728"
"1972, 1997-11-13, 10:36:17, 18, 335"
"1973, 2017-12-15, 04:30:34, 93, 357"
"1974, 2002-4-11, 04:40:58, 32, 342"
"1975, 2013-3-17, 15:04:37, 90, 888"
"1976, 1996-10-27, 21:42:50, 52, 903"
"1977, 1983-3-14, 00:41:32, 99, 228"
"1978, 1994-12-30, 09:49:50, 97, 128"
"1979, 2015-12-29, 02:15:39, 15, 783"
"1980, 2009-11-7, 02:59:37, 45, 26"
"1981, 1995-3-27, 19:26:14, 71, 159"
"1982, 1994-1-9, 13:26:33, 36, 451"
"1983, 2016-9-23, 10:22:04, 61, 780"
"1984, 1981-6-7, 19:06:41, 24, 212"
"1985, 1985-1-1, 07:17:47, 45, 675"
"1986, 2018-10-17, 13:17:11, 3, 289"
"1987, 1986-4-8, 06:17:35, 50, 714"
"1988, 2009-3-27, 17:52:50, 68, 147"
"1989, 1981-7-11, 11:42:15, 65, 881"
"1990, 2011-9-16, 01:12:33, 70, 794"
"1991, 2020-4-29, 01:44:15, 73, 909"
"1992, 1984-8-28, 13:15:11, 60, 35"
"1993, 2015-7-15, 17:42:57, 74, 32"
"1994, 1990-4-5, 22:54:48, 44, 352"
"1995, 2009-11-19, 15:23:12, 92, 561"
"1996, 2007-12-29, 16:45:49, 33, 894"
"1997, 1998-6-2, 05:44:56, 94, 186"
"1998, 1990-9-3, 05:42:42, 65, 222"
"1999, 2014-12-27, 05:48:26, 45, 708"
"2000, 2018-1-12, 18:49:13, 94, 177"